what,kind,bundleId,bundleVersion,description,time
executed,command,org.eclipse.ui,3.6.2.M20110203-1100,"org.eclipse.ui.edit.paste",1420435564079
executed,command,org.eclipse.ui,3.6.2.M20110203-1100,"org.eclipse.ui.edit.copy",1420435584941
executed,command,org.eclipse.ui,3.6.2.M20110203-1100,"org.eclipse.ui.edit.paste",1420435587572
executed,command,org.eclipse.ui,3.6.2.M20110203-1100,"org.eclipse.ui.edit.paste",1420435592056
deactivated,workbench,org.eclipse.ui.workbench,3.6.2.M20110210-1200,"",1420435607285
activated,workbench,org.eclipse.ui.workbench,3.6.2.M20110210-1200,"",1420435650776
executed,command,org.eclipse.ui,3.6.2.M20110203-1100,"org.eclipse.ui.edit.paste",1420435660630
executed,command,org.eclipse.ui,3.6.2.M20110203-1100,"org.eclipse.ui.edit.copy",1420435733220
executed,command,org.eclipse.ui,3.6.2.M20110203-1100,"org.eclipse.ui.edit.paste",1420435735630
executed,command,org.eclipse.ui,3.6.2.M20110203-1100,"org.eclipse.ui.file.save",1420435747913
deactivated,workbench,org.eclipse.ui.workbench,3.6.2.M20110210-1200,"",1420435751535
activated,workbench,org.eclipse.ui.workbench,3.6.2.M20110210-1200,"",1420435812286
activated,view,org.eclipse.ui.navigator.resources,3.4.202.M20101124-0800,"org.eclipse.ui.navigator.ProjectExplorer",1420435818415
deactivated,workbench,org.eclipse.ui.workbench,3.6.2.M20110210-1200,"",1420435821589
opened,editor,org.eclipse.ui.editors,3.6.1.r361_v20100825-0800,"org.eclipse.ui.DefaultTextEditor",1420435832117
activated,editor,org.eclipse.ui.editors,3.6.1.r361_v20100825-0800,"org.eclipse.ui.DefaultTextEditor",1420435832205
activated,workbench,org.eclipse.ui.workbench,3.6.2.M20110210-1200,"",1420435832273
activated,view,org.eclipse.ui.navigator.resources,3.4.202.M20101124-0800,"org.eclipse.ui.navigator.ProjectExplorer",1420435832286
activated,editor,org.eclipse.ui.editors,3.6.1.r361_v20100825-0800,"org.eclipse.ui.DefaultTextEditor",1420435836849
activated,view,org.eclipse.ui.navigator.resources,3.4.202.M20101124-0800,"org.eclipse.ui.navigator.ProjectExplorer",1420435899768
deactivated,workbench,org.eclipse.ui.workbench,3.6.2.M20110210-1200,"",1420435908056
opened,editor,org.eclipse.ui.editors,3.6.1.r361_v20100825-0800,"org.eclipse.ui.DefaultTextEditor",1420435919752
activated,editor,org.eclipse.ui.editors,3.6.1.r361_v20100825-0800,"org.eclipse.ui.DefaultTextEditor",1420435919766
activated,workbench,org.eclipse.ui.workbench,3.6.2.M20110210-1200,"",1420435919808
activated,view,org.eclipse.ui.navigator.resources,3.4.202.M20101124-0800,"org.eclipse.ui.navigator.ProjectExplorer",1420435919818
activated,editor,org.eclipse.ui.editors,3.6.1.r361_v20100825-0800,"org.eclipse.ui.DefaultTextEditor",1420435921969
deactivated,workbench,org.eclipse.ui.workbench,3.6.2.M20110210-1200,"",1420435923714
activated,workbench,org.eclipse.ui.workbench,3.6.2.M20110210-1200,"",1420435937950
activated,editor,org.eclipse.ui.editors,3.6.1.r361_v20100825-0800,"org.eclipse.ui.DefaultTextEditor",1420435939014
executed,command,org.eclipse.ui,3.6.2.M20110203-1100,"org.eclipse.ui.edit.paste",1420435940496
deactivated,workbench,org.eclipse.ui.workbench,3.6.2.M20110210-1200,"",1420435950354
activated,workbench,org.eclipse.ui.workbench,3.6.2.M20110210-1200,"",1420435989774
executed,command,org.eclipse.ui,3.6.2.M20110203-1100,"org.eclipse.ui.file.save",1420435992790
deactivated,workbench,org.eclipse.ui.workbench,3.6.2.M20110210-1200,"",1420435994461
activated,workbench,org.eclipse.ui.workbench,3.6.2.M20110210-1200,"",1420436010757
deactivated,workbench,org.eclipse.ui.workbench,3.6.2.M20110210-1200,"",1420436027470
activated,workbench,org.eclipse.ui.workbench,3.6.2.M20110210-1200,"",1420436049163
activated,editor,org.eclipse.ui.editors,3.6.1.r361_v20100825-0800,"org.eclipse.ui.DefaultTextEditor",1420436050719
deactivated,workbench,org.eclipse.ui.workbench,3.6.2.M20110210-1200,"",1420436056162
activated,workbench,org.eclipse.ui.workbench,3.6.2.M20110210-1200,"",1420436058233
deactivated,workbench,org.eclipse.ui.workbench,3.6.2.M20110210-1200,"",1420436064211
activated,workbench,org.eclipse.ui.workbench,3.6.2.M20110210-1200,"",1420436068200
deactivated,workbench,org.eclipse.ui.workbench,3.6.2.M20110210-1200,"",1420436080197
activated,workbench,org.eclipse.ui.workbench,3.6.2.M20110210-1200,"",1420436083285
deactivated,workbench,org.eclipse.ui.workbench,3.6.2.M20110210-1200,"",1420436093453
activated,workbench,org.eclipse.ui.workbench,3.6.2.M20110210-1200,"",1420436096700
executed,command,org.eclipse.ui,3.6.2.M20110203-1100,"org.eclipse.ui.edit.copy",1420436106778
executed,command,org.eclipse.ui,3.6.2.M20110203-1100,"org.eclipse.ui.edit.paste",1420436108427
deactivated,workbench,org.eclipse.ui.workbench,3.6.2.M20110210-1200,"",1420436114696
activated,workbench,org.eclipse.ui.workbench,3.6.2.M20110210-1200,"",1420436117908
deactivated,workbench,org.eclipse.ui.workbench,3.6.2.M20110210-1200,"",1420436130587
activated,workbench,org.eclipse.ui.workbench,3.6.2.M20110210-1200,"",1420436133289
deactivated,workbench,org.eclipse.ui.workbench,3.6.2.M20110210-1200,"",1420436138464
activated,workbench,org.eclipse.ui.workbench,3.6.2.M20110210-1200,"",1420436141879
deactivated,workbench,org.eclipse.ui.workbench,3.6.2.M20110210-1200,"",1420436152129
activated,workbench,org.eclipse.ui.workbench,3.6.2.M20110210-1200,"",1420436155497
deactivated,workbench,org.eclipse.ui.workbench,3.6.2.M20110210-1200,"",1420436167806
activated,workbench,org.eclipse.ui.workbench,3.6.2.M20110210-1200,"",1420436170486
executed,command,org.eclipse.ui,3.6.2.M20110203-1100,"org.eclipse.ui.file.save",1420436171778
activated,editor,org.eclipse.ui.editors,3.6.1.r361_v20100825-0800,"org.eclipse.ui.DefaultTextEditor",1420436176781
executed,command,org.eclipse.ui,3.6.2.M20110203-1100,"org.eclipse.ui.file.save",1420436178857
deactivated,workbench,org.eclipse.ui.workbench,3.6.2.M20110210-1200,"",1420436214950
activated,workbench,org.eclipse.ui.workbench,3.6.2.M20110210-1200,"",1420436217213
deactivated,workbench,org.eclipse.ui.workbench,3.6.2.M20110210-1200,"",1420436225413
activated,workbench,org.eclipse.ui.workbench,3.6.2.M20110210-1200,"",1420436282902
activated,view,org.eclipse.ui.navigator.resources,3.4.202.M20101124-0800,"org.eclipse.ui.navigator.ProjectExplorer",1420436338421
deactivated,workbench,org.eclipse.ui.workbench,3.6.2.M20110210-1200,"",1420436345210
opened,editor,org.eclipse.wst.xml.ui,1.1.103.v201101122108,"org.eclipse.wst.xml.ui.internal.tabletree.XMLMultiPageEditorPart",1420436356058
activated,editor,org.eclipse.wst.xml.ui,1.1.103.v201101122108,"org.eclipse.wst.xml.ui.internal.tabletree.XMLMultiPageEditorPart",1420436356076
activated,workbench,org.eclipse.ui.workbench,3.6.2.M20110210-1200,"",1420436356133
activated,view,org.eclipse.ui.navigator.resources,3.4.202.M20101124-0800,"org.eclipse.ui.navigator.ProjectExplorer",1420436356215
activated,editor,org.eclipse.wst.xml.ui,1.1.103.v201101122108,"org.eclipse.wst.xml.ui.internal.tabletree.XMLMultiPageEditorPart",1420436359926
closed,editor,org.eclipse.ui.editors,3.6.1.r361_v20100825-0800,"org.eclipse.ui.DefaultTextEditor",1420436359981
closed,editor,org.eclipse.ui.editors,3.6.1.r361_v20100825-0800,"org.eclipse.ui.DefaultTextEditor",1420436361550
activated,editor,org.eclipse.wst.xml.ui,1.1.103.v201101122108,"org.eclipse.wst.xml.ui.internal.tabletree.XMLMultiPageEditorPart",1420436362844
activated,editor,org.eclipse.wst.xml.ui,1.1.103.v201101122108,"org.eclipse.wst.xml.ui.internal.tabletree.XMLMultiPageEditorPart",1420436365595
closed,editor,org.eclipse.wst.xml.ui,1.1.103.v201101122108,"org.eclipse.wst.xml.ui.internal.tabletree.XMLMultiPageEditorPart",1420436365601
activated,editor,org.eclipse.wst.xml.ui,1.1.103.v201101122108,"org.eclipse.wst.xml.ui.internal.tabletree.XMLMultiPageEditorPart",1420436366541
executed,command,org.eclipse.ui,3.6.2.M20110203-1100,"org.eclipse.ui.edit.selectAll",1420436368150
executed,command,org.eclipse.ui,3.6.2.M20110203-1100,"org.eclipse.ui.edit.copy",1420436368879
activated,editor,org.eclipse.wst.xml.ui,1.1.103.v201101122108,"org.eclipse.wst.xml.ui.internal.tabletree.XMLMultiPageEditorPart",1420436369864
executed,command,org.eclipse.ui,3.6.2.M20110203-1100,"org.eclipse.ui.edit.paste",1420436370770
deactivated,workbench,org.eclipse.ui.workbench,3.6.2.M20110210-1200,"",1420436429320
activated,workbench,org.eclipse.ui.workbench,3.6.2.M20110210-1200,"",1420436449738
activated,editor,org.eclipse.wst.xml.ui,1.1.103.v201101122108,"org.eclipse.wst.xml.ui.internal.tabletree.XMLMultiPageEditorPart",1420436479676
executed,command,org.eclipse.ui,3.6.2.M20110203-1100,"org.eclipse.ui.file.save",1420436498652
activated,editor,org.eclipse.wst.xml.ui,1.1.103.v201101122108,"org.eclipse.wst.xml.ui.internal.tabletree.XMLMultiPageEditorPart",1420436501008
executed,command,org.eclipse.ui,3.6.2.M20110203-1100,"org.eclipse.ui.file.save",1420436503190
deactivated,workbench,org.eclipse.ui.workbench,3.6.2.M20110210-1200,"",1420436549768
activated,workbench,org.eclipse.ui.workbench,3.6.2.M20110210-1200,"",1420436565762
executed,command,org.eclipse.ui,3.6.2.M20110203-1100,"org.eclipse.ui.edit.paste",1420436571195
activated,view,org.eclipse.ui.navigator.resources,3.4.202.M20101124-0800,"org.eclipse.ui.navigator.ProjectExplorer",1420436614043
opened,editor,org.eclipse.ui.editors,3.6.1.r361_v20100825-0800,"org.eclipse.ui.DefaultTextEditor",1420436614449
activated,editor,org.eclipse.ui.editors,3.6.1.r361_v20100825-0800,"org.eclipse.ui.DefaultTextEditor",1420436614485
executed,command,org.eclipse.ui,3.6.2.M20110203-1100,"org.eclipse.ui.edit.copy",1420436617837
activated,editor,org.eclipse.wst.xml.ui,1.1.103.v201101122108,"org.eclipse.wst.xml.ui.internal.tabletree.XMLMultiPageEditorPart",1420436619179
executed,command,org.eclipse.ui,3.6.2.M20110203-1100,"org.eclipse.ui.edit.paste",1420436620685
executed,command,org.eclipse.ui,3.6.2.M20110203-1100,"org.eclipse.ui.edit.copy",1420436671841
deactivated,workbench,org.eclipse.ui.workbench,3.6.2.M20110210-1200,"",1420436673250
activated,workbench,org.eclipse.ui.workbench,3.6.2.M20110210-1200,"",1420436711200
executed,command,org.eclipse.ui,3.6.2.M20110203-1100,"org.eclipse.ui.edit.copy",1420436713877
executed,command,org.eclipse.ui,3.6.2.M20110203-1100,"org.eclipse.ui.edit.paste",1420436727234
executed,command,org.eclipse.ui,3.6.2.M20110203-1100,"org.eclipse.ui.edit.paste",1420436729873
executed,command,org.eclipse.ui,3.6.2.M20110203-1100,"org.eclipse.ui.edit.paste",1420436731798
executed,command,org.eclipse.ui,3.6.2.M20110203-1100,"org.eclipse.ui.edit.copy",1420436894204
executed,command,org.eclipse.ui,3.6.2.M20110203-1100,"org.eclipse.ui.edit.paste",1420436896856
executed,command,org.eclipse.ui,3.6.2.M20110203-1100,"org.eclipse.ui.edit.paste",1420436899225
executed,command,org.eclipse.ui,3.6.2.M20110203-1100,"org.eclipse.ui.edit.copy",1420436902773
executed,command,org.eclipse.ui,3.6.2.M20110203-1100,"org.eclipse.ui.edit.paste",1420436905426
executed,command,org.eclipse.ui,3.6.2.M20110203-1100,"org.eclipse.ui.edit.paste",1420436907352
executed,command,org.eclipse.ui,3.6.2.M20110203-1100,"org.eclipse.ui.edit.copy",1420436909875
executed,command,org.eclipse.ui,3.6.2.M20110203-1100,"org.eclipse.ui.edit.paste",1420436912106
executed,command,org.eclipse.ui,3.6.2.M20110203-1100,"org.eclipse.ui.edit.paste",1420436916478
executed,command,org.eclipse.ui,3.6.2.M20110203-1100,"org.eclipse.ui.edit.copy",1420436921411
executed,command,org.eclipse.ui,3.6.2.M20110203-1100,"org.eclipse.ui.edit.paste",1420436923826
executed,command,org.eclipse.ui,3.6.2.M20110203-1100,"org.eclipse.ui.edit.paste",1420436925205
executed,command,org.eclipse.ui,3.6.2.M20110203-1100,"org.eclipse.ui.edit.paste",1420436926497
executed,command,org.eclipse.ui,3.6.2.M20110203-1100,"org.eclipse.ui.edit.paste",1420436927909
executed,command,org.eclipse.ui,3.6.2.M20110203-1100,"org.eclipse.ui.edit.paste",1420436929246
executed,command,org.eclipse.ui,3.6.2.M20110203-1100,"org.eclipse.ui.edit.copy",1420436935109
executed,command,org.eclipse.ui,3.6.2.M20110203-1100,"org.eclipse.ui.edit.paste",1420436939511
executed,command,org.eclipse.ui,3.6.2.M20110203-1100,"org.eclipse.ui.edit.paste",1420436941637
executed,command,org.eclipse.ui,3.6.2.M20110203-1100,"org.eclipse.ui.edit.copy",1420436944746
executed,command,org.eclipse.ui,3.6.2.M20110203-1100,"org.eclipse.ui.edit.paste",1420436947208
executed,command,org.eclipse.ui,3.6.2.M20110203-1100,"org.eclipse.ui.file.save",1420436953568
deactivated,workbench,org.eclipse.ui.workbench,3.6.2.M20110210-1200,"",1420436955160
activated,workbench,org.eclipse.ui.workbench,3.6.2.M20110210-1200,"",1420437117121
executed,command,org.eclipse.ui,3.6.2.M20110203-1100,"org.eclipse.ui.edit.copy",1420437122495
executed,command,org.eclipse.ui,3.6.2.M20110203-1100,"org.eclipse.ui.edit.paste",1420437127148
executed,command,org.eclipse.ui,3.6.2.M20110203-1100,"org.eclipse.ui.edit.paste",1420437129773
executed,command,org.eclipse.ui,3.6.2.M20110203-1100,"org.eclipse.ui.edit.copy",1420437133087
executed,command,org.eclipse.ui,3.6.2.M20110203-1100,"org.eclipse.ui.edit.paste",1420437136405
executed,command,org.eclipse.ui,3.6.2.M20110203-1100,"org.eclipse.ui.file.save",1420437141452
deactivated,workbench,org.eclipse.ui.workbench,3.6.2.M20110210-1200,"",1420437168030
activated,workbench,org.eclipse.ui.workbench,3.6.2.M20110210-1200,"",1420437324546
executed,command,org.eclipse.ui,3.6.2.M20110203-1100,"org.eclipse.ui.edit.copy",1420437327494
executed,command,org.eclipse.ui,3.6.2.M20110203-1100,"org.eclipse.ui.edit.paste",1420437329639
executed,command,org.eclipse.ui,3.6.2.M20110203-1100,"org.eclipse.ui.edit.paste",1420437346547
executed,command,org.eclipse.ui,3.6.2.M20110203-1100,"org.eclipse.ui.edit.paste",1420437349605
executed,command,org.eclipse.ui,3.6.2.M20110203-1100,"org.eclipse.ui.edit.paste",1420437353166
executed,command,org.eclipse.ui,3.6.2.M20110203-1100,"org.eclipse.ui.edit.copy",1420437413321
executed,command,org.eclipse.ui,3.6.2.M20110203-1100,"org.eclipse.ui.edit.paste",1420437417180
executed,command,org.eclipse.ui,3.6.2.M20110203-1100,"org.eclipse.ui.edit.paste",1420437420788
executed,command,org.eclipse.ui,3.6.2.M20110203-1100,"org.eclipse.ui.edit.copy",1420437429022
executed,command,org.eclipse.ui,3.6.2.M20110203-1100,"org.eclipse.ui.edit.paste",1420437432911
executed,command,org.eclipse.ui,3.6.2.M20110203-1100,"org.eclipse.ui.edit.paste",1420437436794
executed,command,org.eclipse.ui,3.6.2.M20110203-1100,"org.eclipse.ui.edit.copy",1420437457228
executed,command,org.eclipse.ui,3.6.2.M20110203-1100,"org.eclipse.ui.edit.paste",1420437467799
executed,command,org.eclipse.ui,3.6.2.M20110203-1100,"org.eclipse.ui.edit.paste",1420437471079
executed,command,org.eclipse.ui,3.6.2.M20110203-1100,"org.eclipse.ui.edit.paste",1420437475002
executed,command,org.eclipse.ui,3.6.2.M20110203-1100,"org.eclipse.ui.edit.copy",1420437479520
executed,command,org.eclipse.ui,3.6.2.M20110203-1100,"org.eclipse.ui.edit.paste",1420437481874
executed,command,org.eclipse.ui,3.6.2.M20110203-1100,"org.eclipse.ui.edit.copy",1420437869846
deactivated,workbench,org.eclipse.ui.workbench,3.6.2.M20110210-1200,"",1420438076124
activated,workbench,org.eclipse.ui.workbench,3.6.2.M20110210-1200,"",1420438146733
executed,command,org.eclipse.ui,3.6.2.M20110203-1100,"org.eclipse.ui.edit.copy",1420438192444
executed,command,org.eclipse.ui,3.6.2.M20110203-1100,"org.eclipse.ui.edit.paste",1420438204973
deactivated,workbench,org.eclipse.ui.workbench,3.6.2.M20110210-1200,"",1420438378216
activated,workbench,org.eclipse.ui.workbench,3.6.2.M20110210-1200,"",1420438422733
executed,command,org.eclipse.ui,3.6.2.M20110203-1100,"org.eclipse.ui.edit.paste",1420438424840
deactivated,workbench,org.eclipse.ui.workbench,3.6.2.M20110210-1200,"",1420438446257
activated,workbench,org.eclipse.ui.workbench,3.6.2.M20110210-1200,"",1420438460520
executed,command,org.eclipse.ui,3.6.2.M20110203-1100,"org.eclipse.ui.edit.paste",1420438462612
executed,command,org.eclipse.ui,3.6.2.M20110203-1100,"org.eclipse.ui.edit.undo",1420438464825
executed,command,org.eclipse.ui,3.6.2.M20110203-1100,"org.eclipse.ui.edit.paste",1420438467789
executed,command,org.eclipse.ui,3.6.2.M20110203-1100,"org.eclipse.ui.edit.copy",1420438504262
executed,command,org.eclipse.ui,3.6.2.M20110203-1100,"org.eclipse.ui.edit.paste",1420438510569
executed,command,org.eclipse.ui,3.6.2.M20110203-1100,"org.eclipse.ui.edit.paste",1420438514581
executed,command,org.eclipse.ui,3.6.2.M20110203-1100,"org.eclipse.ui.edit.paste",1420438522957
executed,command,org.eclipse.ui,3.6.2.M20110203-1100,"org.eclipse.ui.edit.paste",1420438527239
executed,command,org.eclipse.ui,3.6.2.M20110203-1100,"org.eclipse.ui.edit.paste",1420438531778
executed,command,org.eclipse.ui,3.6.2.M20110203-1100,"org.eclipse.ui.edit.paste",1420438537196
executed,command,org.eclipse.ui,3.6.2.M20110203-1100,"org.eclipse.ui.edit.paste",1420438541324
executed,command,org.eclipse.ui,3.6.2.M20110203-1100,"org.eclipse.ui.edit.paste",1420438547056
deactivated,workbench,org.eclipse.ui.workbench,3.6.2.M20110210-1200,"",1420438585827
activated,workbench,org.eclipse.ui.workbench,3.6.2.M20110210-1200,"",1420438593339
deactivated,workbench,org.eclipse.ui.workbench,3.6.2.M20110210-1200,"",1420438708194
activated,workbench,org.eclipse.ui.workbench,3.6.2.M20110210-1200,"",1420438712537
deactivated,workbench,org.eclipse.ui.workbench,3.6.2.M20110210-1200,"",1420438734341
activated,workbench,org.eclipse.ui.workbench,3.6.2.M20110210-1200,"",1420439214162
executed,command,org.eclipse.ui,3.6.2.M20110203-1100,"org.eclipse.ui.edit.undo",1420439251639
executed,command,org.eclipse.ui,3.6.2.M20110203-1100,"org.eclipse.ui.file.save",1420439267775
activated,editor,org.eclipse.wst.xml.ui,1.1.103.v201101122108,"org.eclipse.wst.xml.ui.internal.tabletree.XMLMultiPageEditorPart",1420439275462
activated,view,org.eclipse.ui.navigator.resources,3.4.202.M20101124-0800,"org.eclipse.ui.navigator.ProjectExplorer",1420439289501
deactivated,workbench,org.eclipse.ui.workbench,3.6.2.M20110210-1200,"",1420439292330
activated,workbench,org.eclipse.ui.workbench,3.6.2.M20110210-1200,"",1420439340034
deactivated,workbench,org.eclipse.ui.workbench,3.6.2.M20110210-1200,"",1420439346508
activated,workbench,org.eclipse.ui.workbench,3.6.2.M20110210-1200,"",1420439354484
deactivated,workbench,org.eclipse.ui.workbench,3.6.2.M20110210-1200,"",1420439358577
activated,workbench,org.eclipse.ui.workbench,3.6.2.M20110210-1200,"",1420439364439
deactivated,workbench,org.eclipse.ui.workbench,3.6.2.M20110210-1200,"",1420439368534
activated,workbench,org.eclipse.ui.workbench,3.6.2.M20110210-1200,"",1420439371549
activated,editor,org.eclipse.wst.xml.ui,1.1.103.v201101122108,"org.eclipse.wst.xml.ui.internal.tabletree.XMLMultiPageEditorPart",1420439381198
deactivated,workbench,org.eclipse.ui.workbench,3.6.2.M20110210-1200,"",1420439389031
activated,workbench,org.eclipse.ui.workbench,3.6.2.M20110210-1200,"",1420439392474
executed,command,org.eclipse.ui,3.6.2.M20110203-1100,"org.eclipse.ui.edit.copy",1420439402363
executed,command,org.eclipse.ui,3.6.2.M20110203-1100,"org.eclipse.ui.edit.paste",1420439405386
executed,command,org.eclipse.ui,3.6.2.M20110203-1100,"org.eclipse.ui.edit.paste",1420439409505
executed,command,org.eclipse.ui,3.6.2.M20110203-1100,"org.eclipse.ui.edit.paste",1420439411234
executed,command,org.eclipse.ui,3.6.2.M20110203-1100,"org.eclipse.ui.edit.paste",1420439413815
executed,command,org.eclipse.ui,3.6.2.M20110203-1100,"org.eclipse.ui.edit.paste",1420439416552
executed,command,org.eclipse.ui,3.6.2.M20110203-1100,"org.eclipse.ui.edit.paste",1420439418834
executed,command,org.eclipse.ui,3.6.2.M20110203-1100,"org.eclipse.ui.edit.paste",1420439421311
executed,command,org.eclipse.ui,3.6.2.M20110203-1100,"org.eclipse.ui.edit.paste",1420439424985
executed,command,org.eclipse.ui,3.6.2.M20110203-1100,"org.eclipse.ui.file.save",1420439426048
activated,view,org.eclipse.ui.console,3.5.0.v20100526,"org.eclipse.ui.console.ConsoleView",1420439428082
deactivated,workbench,org.eclipse.ui.workbench,3.6.2.M20110210-1200,"",1420439430255
activated,workbench,org.eclipse.ui.workbench,3.6.2.M20110210-1200,"",1420439432291
deactivated,workbench,org.eclipse.ui.workbench,3.6.2.M20110210-1200,"",1420439443880
activated,workbench,org.eclipse.ui.workbench,3.6.2.M20110210-1200,"",1420439478558
deactivated,workbench,org.eclipse.ui.workbench,3.6.2.M20110210-1200,"",1420439482398
activated,workbench,org.eclipse.ui.workbench,3.6.2.M20110210-1200,"",1420439497949
deactivated,workbench,org.eclipse.ui.workbench,3.6.2.M20110210-1200,"",1420439506512
activated,workbench,org.eclipse.ui.workbench,3.6.2.M20110210-1200,"",1420439511749
deactivated,workbench,org.eclipse.ui.workbench,3.6.2.M20110210-1200,"",1420439516578
activated,workbench,org.eclipse.ui.workbench,3.6.2.M20110210-1200,"",1420439533399
deactivated,workbench,org.eclipse.ui.workbench,3.6.2.M20110210-1200,"",1420439549867
activated,workbench,org.eclipse.ui.workbench,3.6.2.M20110210-1200,"",1420439551625
activated,editor,org.eclipse.wst.xml.ui,1.1.103.v201101122108,"org.eclipse.wst.xml.ui.internal.tabletree.XMLMultiPageEditorPart",1420439605446
executed,command,org.eclipse.ui,3.6.2.M20110203-1100,"org.eclipse.ui.edit.copy",1420439644007
executed,command,org.eclipse.ui,3.6.2.M20110203-1100,"org.eclipse.ui.edit.paste",1420439649086
executed,command,org.eclipse.ui,3.6.2.M20110203-1100,"org.eclipse.ui.file.save",1420439650268
deactivated,workbench,org.eclipse.ui.workbench,3.6.2.M20110210-1200,"",1420446981679
activated,workbench,org.eclipse.ui.workbench,3.6.2.M20110210-1200,"",1420483414507
activated,editor,org.eclipse.wst.xml.ui,1.1.103.v201101122108,"org.eclipse.wst.xml.ui.internal.tabletree.XMLMultiPageEditorPart",1420483417941
executed,command,org.eclipse.ui,3.6.2.M20110203-1100,"org.eclipse.ui.edit.copy",1420483426829
executed,command,org.eclipse.ui,3.6.2.M20110203-1100,"org.eclipse.ui.edit.paste",1420483428985
executed,command,org.eclipse.ui,3.6.2.M20110203-1100,"org.eclipse.ui.edit.paste",1420483430767
executed,command,org.eclipse.ui,3.6.2.M20110203-1100,"org.eclipse.ui.edit.paste",1420483432710
executed,command,org.eclipse.ui,3.6.2.M20110203-1100,"org.eclipse.ui.edit.paste",1420483434430
activated,editor,org.eclipse.ui.editors,3.6.1.r361_v20100825-0800,"org.eclipse.ui.DefaultTextEditor",1420483486164
activated,editor,org.eclipse.wst.xml.ui,1.1.103.v201101122108,"org.eclipse.wst.xml.ui.internal.tabletree.XMLMultiPageEditorPart",1420483488657
executed,command,org.eclipse.ui,3.6.2.M20110203-1100,"org.eclipse.ui.file.save",1420483490358
deactivated,workbench,org.eclipse.ui.workbench,3.6.2.M20110210-1200,"",1420483492457
activated,workbench,org.eclipse.ui.workbench,3.6.2.M20110210-1200,"",1420483537477
activated,view,org.eclipse.ui.navigator.resources,3.4.202.M20101124-0800,"org.eclipse.ui.navigator.ProjectExplorer",1420483585093
deactivated,workbench,org.eclipse.ui.workbench,3.6.2.M20110210-1200,"",1420483587672
opened,editor,org.eclipse.ui.editors,3.6.1.r361_v20100825-0800,"org.eclipse.ui.DefaultTextEditor",1420483596628
activated,editor,org.eclipse.ui.editors,3.6.1.r361_v20100825-0800,"org.eclipse.ui.DefaultTextEditor",1420483596649
activated,workbench,org.eclipse.ui.workbench,3.6.2.M20110210-1200,"",1420483596696
activated,view,org.eclipse.ui.navigator.resources,3.4.202.M20101124-0800,"org.eclipse.ui.navigator.ProjectExplorer",1420483596709
activated,editor,org.eclipse.ui.editors,3.6.1.r361_v20100825-0800,"org.eclipse.ui.DefaultTextEditor",1420483597541
deactivated,workbench,org.eclipse.ui.workbench,3.6.2.M20110210-1200,"",1420483620275
activated,workbench,org.eclipse.ui.workbench,3.6.2.M20110210-1200,"",1420483623266
deactivated,workbench,org.eclipse.ui.workbench,3.6.2.M20110210-1200,"",1420483626311
activated,workbench,org.eclipse.ui.workbench,3.6.2.M20110210-1200,"",1420483638276
activated,view,org.eclipse.ui.navigator.resources,3.4.202.M20101124-0800,"org.eclipse.ui.navigator.ProjectExplorer",1420483639682
activated,editor,org.eclipse.ui.editors,3.6.1.r361_v20100825-0800,"org.eclipse.ui.DefaultTextEditor",1420483640227
activated,view,org.eclipse.ui.navigator.resources,3.4.202.M20101124-0800,"org.eclipse.ui.navigator.ProjectExplorer",1420483644795
opened,editor,org.eclipse.ui.editors,3.6.1.r361_v20100825-0800,"org.eclipse.ui.DefaultTextEditor",1420483645270
activated,editor,org.eclipse.ui.editors,3.6.1.r361_v20100825-0800,"org.eclipse.ui.DefaultTextEditor",1420483645288
deactivated,workbench,org.eclipse.ui.workbench,3.6.2.M20110210-1200,"",1420483647761
activated,workbench,org.eclipse.ui.workbench,3.6.2.M20110210-1200,"",1420483651430
activated,editor,org.eclipse.ui.editors,3.6.1.r361_v20100825-0800,"org.eclipse.ui.DefaultTextEditor",1420483654870
executed,command,org.eclipse.ui,3.6.2.M20110203-1100,"org.eclipse.ui.file.save",1420483671814
activated,view,org.eclipse.ui.navigator.resources,3.4.202.M20101124-0800,"org.eclipse.ui.navigator.ProjectExplorer",1420483677113
deactivated,workbench,org.eclipse.ui.workbench,3.6.2.M20110210-1200,"",1420483679228
opened,editor,org.eclipse.ui.editors,3.6.1.r361_v20100825-0800,"org.eclipse.ui.DefaultTextEditor",1420483687589
activated,editor,org.eclipse.ui.editors,3.6.1.r361_v20100825-0800,"org.eclipse.ui.DefaultTextEditor",1420483687602
activated,workbench,org.eclipse.ui.workbench,3.6.2.M20110210-1200,"",1420483687650
activated,view,org.eclipse.ui.navigator.resources,3.4.202.M20101124-0800,"org.eclipse.ui.navigator.ProjectExplorer",1420483687661
activated,workbench,org.eclipse.ui.workbench,3.6.2.M20110210-1200,"",1420483693847
deactivated,workbench,org.eclipse.ui.workbench,3.6.2.M20110210-1200,"",1420483693894
activated,workbench,org.eclipse.ui.workbench,3.6.2.M20110210-1200,"",1420483697372
executed,command,org.eclipse.ltk.ui.refactoring,3.5.0.v20100526-0800,"org.eclipse.ltk.ui.refactoring.commands.renameResource",1420483697422
executed,command,org.eclipse.ui,3.6.2.M20110203-1100,"org.eclipse.ui.edit.rename",1420483697422
activated,editor,org.eclipse.ui.editors,3.6.1.r361_v20100825-0800,"org.eclipse.ui.DefaultTextEditor",1420483698411
deactivated,workbench,org.eclipse.ui.workbench,3.6.2.M20110210-1200,"",1420483700448
activated,workbench,org.eclipse.ui.workbench,3.6.2.M20110210-1200,"",1420483719523
activated,view,org.eclipse.ui.navigator.resources,3.4.202.M20101124-0800,"org.eclipse.ui.navigator.ProjectExplorer",1420483800547
activated,editor,org.eclipse.ui.editors,3.6.1.r361_v20100825-0800,"org.eclipse.ui.DefaultTextEditor",1420483800860
activated,view,org.eclipse.ui.navigator.resources,3.4.202.M20101124-0800,"org.eclipse.ui.navigator.ProjectExplorer",1420483806497
activated,editor,org.eclipse.ui.editors,3.6.1.r361_v20100825-0800,"org.eclipse.ui.DefaultTextEditor",1420483806859
executed,command,org.eclipse.ui,3.6.2.M20110203-1100,"org.eclipse.ui.file.save",1420483811850
activated,editor,org.eclipse.ui.editors,3.6.1.r361_v20100825-0800,"org.eclipse.ui.DefaultTextEditor",1420483813872
