2015-04-19,22:42:07,0,VirtualCarolyn,1429497728868,Welcome! I'm VirtualCarolyn. I'm here to have an interactive dialogue with you to assist you in your programming task.,INTRO_SHORT
2015-04-19,22:42:13,0,VirtualCarolyn,1429497734914,What type of android app are you planning to develop?,TUTOR
2015-04-19,22:42:25,0,root,1429497746102,audio record,AUDIO_CAPTURE
2015-04-19,22:42:26,0,VirtualCarolyn,1429497746922,"Great, I'll help you create a plan for an audio recorder.",TUTOR
2015-04-19,22:42:26,0,VirtualCarolyn,1429497748927,Should we get started?,TUTOR
DATE,TIME,TYPING_DURATION,AUTHOR,NOTE,TEXT,ANNOTATIONS
2015-04-20,23:45:50,0,VirtualCarolyn,1429587952490,Welcome! I'm VirtualCarolyn. I'm here to have an interactive dialogue with you to assist you in your programming task.,INTRO_SHORT
2015-04-20,23:45:56,0,VirtualCarolyn,1429587956543,What type of android app are you planning to develop?,TUTOR
2015-04-20,23:47:56,0,VirtualCarolyn,1429588076592,I am waiting for your response to start. Please ask for help if you are stuck.,TUTOR
2015-04-20,23:50:56,0,VirtualCarolyn,1429588256655,"Sorry, I can't help you with this. You are on your own.",TUTOR
DATE,TIME,TYPING_DURATION,AUTHOR,NOTE,TEXT,ANNOTATIONS
2015-04-21,00:26:54,0,VirtualCarolyn,1429590416084,Welcome! I'm VirtualCarolyn. I'm here to have an interactive dialogue with you to assist you in your programming task.,INTRO_SHORT
2015-04-21,00:27:00,0,VirtualCarolyn,1429590422104,What type of android app are you planning to develop?,TUTOR
DATE,TIME,TYPING_DURATION,AUTHOR,NOTE,TEXT,ANNOTATIONS
2015-04-21,00:28:04,0,VirtualCarolyn,1429590484867,Welcome! I'm VirtualCarolyn. I'm here to have an interactive dialogue with you to assist you in your programming task.,INTRO_SHORT
2015-04-21,00:28:10,0,VirtualCarolyn,1429590490889,What type of android app are you planning to develop?,TUTOR
2015-04-21,00:28:29,0,VirtualCarolyn,1429590510900,hello,METHOD_SUGGESTION
2015-04-21,00:28:39,0,VirtualCarolyn,1429590520908,hello,METHOD_SUGGESTION
2015-04-21,00:30:10,0,VirtualCarolyn,1429590610947,I am waiting for your response to start. Please ask for help if you are stuck.,TUTOR
DATE,TIME,TYPING_DURATION,AUTHOR,NOTE,TEXT,ANNOTATIONS
2015-04-21,00:31:25,0,VirtualCarolyn,1429590686096,Welcome! I'm VirtualCarolyn. I'm here to have an interactive dialogue with you to assist you in your programming task.,INTRO_SHORT
2015-04-21,00:31:29,0,VirtualCarolyn,1429590690117,hello,METHOD_SUGGESTION
2015-04-21,00:31:31,0,VirtualCarolyn,1429590692122,What type of android app are you planning to develop?,TUTOR
2015-04-21,00:33:31,0,VirtualCarolyn,1429590812163,I am waiting for your response to start. Please ask for help if you are stuck.,TUTOR
DATE,TIME,TYPING_DURATION,AUTHOR,NOTE,TEXT,ANNOTATIONS
2015-04-21,00:34:53,0,VirtualCarolyn,1429590893746,Welcome! I'm VirtualCarolyn. I'm here to have an interactive dialogue with you to assist you in your programming task.,INTRO_SHORT
2015-04-21,00:34:59,0,VirtualCarolyn,1429590899770,hello,METHOD_SUGGESTION
2015-04-21,00:34:59,0,VirtualCarolyn,1429590901776,What type of android app are you planning to develop?,TUTOR
DATE,TIME,TYPING_DURATION,AUTHOR,NOTE,TEXT,ANNOTATIONS
2015-04-21,00:36:18,0,VirtualCarolyn,1429590978817,Welcome! I'm VirtualCarolyn. I'm here to have an interactive dialogue with you to assist you in your programming task.,INTRO_SHORT
2015-04-21,00:36:19,0,VirtualCarolyn,1429590980835,hello,METHOD_SUGGESTION
2015-04-21,00:36:24,0,VirtualCarolyn,1429590984840,What type of android app are you planning to develop?,TUTOR
2015-04-21,00:38:24,0,VirtualCarolyn,1429591104887,I am waiting for your response to start. Please ask for help if you are stuck.,TUTOR
DATE,TIME,TYPING_DURATION,AUTHOR,NOTE,TEXT,ANNOTATIONS
2015-04-21,00:38:46,0,VirtualCarolyn,1429591126579,Welcome! I'm VirtualCarolyn. I'm here to have an interactive dialogue with you to assist you in your programming task.,INTRO_SHORT
DATE,TIME,TYPING_DURATION,AUTHOR,NOTE,TEXT,ANNOTATIONS
2015-04-21,00:45:00,0,VirtualCarolyn,1429591500738,Welcome! I'm VirtualCarolyn. I'm here to have an interactive dialogue with you to assist you in your programming task.,INTRO_SHORT
2015-04-21,00:45:06,0,VirtualCarolyn,1429591506759,What type of android app are you planning to develop?,TUTOR
2015-04-21,00:47:06,0,VirtualCarolyn,1429591626803,I am waiting for your response to start. Please ask for help if you are stuck.,TUTOR
DATE,TIME,TYPING_DURATION,AUTHOR,NOTE,TEXT,ANNOTATIONS
2015-04-21,00:47:27,0,VirtualCarolyn,1429591648054,Welcome! I'm VirtualCarolyn. I'm here to have an interactive dialogue with you to assist you in your programming task.,INTRO_SHORT
2015-04-21,00:47:33,0,VirtualCarolyn,1429591654072,What type of android app are you planning to develop?,TUTOR
DATE,TIME,TYPING_DURATION,AUTHOR,NOTE,TEXT,ANNOTATIONS
2015-04-21,00:49:18,0,VirtualCarolyn,1429591758653,Welcome! I'm VirtualCarolyn. I'm here to have an interactive dialogue with you to assist you in your programming task.,INTRO_SHORT
2015-04-21,00:49:24,0,VirtualCarolyn,1429591764676,What type of android app are you planning to develop?,TUTOR
2015-04-21,00:49:33,0,VirtualCarolyn,1429591774115,I am waiting for your response to start. Please ask for help if you are stuck.,TUTOR
2015-04-21,00:51:24,0,VirtualCarolyn,1429591884727,I am waiting for your response to start. Please ask for help if you are stuck.,TUTOR
2015-04-21,00:52:33,0,VirtualCarolyn,1429591954185,"Sorry, I can't help you with this. You are on your own.",TUTOR
DATE,TIME,TYPING_DURATION,AUTHOR,NOTE,TEXT,ANNOTATIONS
2015-04-21,00:53:45,0,VirtualCarolyn,1429592026220,Welcome! I'm VirtualCarolyn. I'm here to have an interactive dialogue with you to assist you in your programming task.,INTRO_SHORT
2015-04-21,00:53:51,0,VirtualCarolyn,1429592032240,What type of android app are you planning to develop?,TUTOR
2015-04-21,00:55:51,0,VirtualCarolyn,1429592152283,I am waiting for your response to start. Please ask for help if you are stuck.,TUTOR
2015-04-21,00:58:51,0,VirtualCarolyn,1429592332379,"Sorry, I can't help you with this. You are on your own.",TUTOR
DATE,TIME,TYPING_DURATION,AUTHOR,NOTE,TEXT,ANNOTATIONS
2015-04-21,01:05:07,0,VirtualCarolyn,1429592707812,Welcome! I'm VirtualCarolyn. I'm here to have an interactive dialogue with you to assist you in your programming task.,INTRO_SHORT
2015-04-21,01:05:13,0,VirtualCarolyn,1429592713840,What type of android app are you planning to develop?,TUTOR
2015-04-21,01:07:13,0,VirtualCarolyn,1429592833881,I am waiting for your response to start. Please ask for help if you are stuck.,TUTOR
2015-04-21,01:10:13,0,VirtualCarolyn,1429593013962,"Sorry, I can't help you with this. You are on your own.",TUTOR
DATE,TIME,TYPING_DURATION,AUTHOR,NOTE,TEXT,ANNOTATIONS
2015-04-21,01:34:38,0,VirtualCarolyn,1429594479290,Welcome! I'm VirtualCarolyn. I'm here to have an interactive dialogue with you to assist you in your programming task.,INTRO_SHORT
2015-04-21,01:34:44,0,VirtualCarolyn,1429594485315,What type of android app are you planning to develop?,TUTOR
2015-04-21,01:36:44,0,VirtualCarolyn,1429594605381,I am waiting for your response to start. Please ask for help if you are stuck.,TUTOR
2015-04-21,01:39:44,0,VirtualCarolyn,1429594785445,"Sorry, I can't help you with this. You are on your own.",TUTOR
DATE,TIME,TYPING_DURATION,AUTHOR,NOTE,TEXT,ANNOTATIONS
2015-04-21,01:47:02,0,VirtualCarolyn,1429595224641,Welcome! I'm VirtualCarolyn. I'm here to have an interactive dialogue with you to assist you in your programming task.,INTRO_SHORT
2015-04-21,01:47:07,0,VirtualCarolyn,1429595228660,What type of android app are you planning to develop?,TUTOR
2015-04-21,01:49:07,0,VirtualCarolyn,1429595348716,I am waiting for your response to start. Please ask for help if you are stuck.,TUTOR
2015-04-21,01:52:08,0,VirtualCarolyn,1429595528782,"Sorry, I can't help you with this. You are on your own.",TUTOR
DATE,TIME,TYPING_DURATION,AUTHOR,NOTE,TEXT,ANNOTATIONS
2015-04-21,01:55:39,0,VirtualCarolyn,1429595740510,Welcome! I'm VirtualCarolyn. I'm here to have an interactive dialogue with you to assist you in your programming task.,INTRO_SHORT
2015-04-21,01:55:45,0,VirtualCarolyn,1429595746531,What type of android app are you planning to develop?,TUTOR
2015-04-21,01:57:45,0,VirtualCarolyn,1429595866580,I am waiting for your response to start. Please ask for help if you are stuck.,TUTOR
2015-04-21,02:00:45,0,VirtualCarolyn,1429596046643,"Sorry, I can't help you with this. You are on your own.",TUTOR
DATE,TIME,TYPING_DURATION,AUTHOR,NOTE,TEXT,ANNOTATIONS
2015-04-27,18:00:18,0,VirtualCarolyn,1430172019388,Welcome! I'm VirtualCarolyn. I'm here to have an interactive dialogue with you to assist you in your programming task.,INTRO_SHORT
DATE,TIME,TYPING_DURATION,AUTHOR,NOTE,TEXT,ANNOTATIONS
2015-04-27,18:01:00,0,VirtualCarolyn,1430172061724,Welcome! I'm VirtualCarolyn. I'm here to have an interactive dialogue with you to assist you in your programming task.,INTRO_SHORT
DATE,TIME,TYPING_DURATION,AUTHOR,NOTE,TEXT,ANNOTATIONS
2015-04-27,18:05:49,0,VirtualCarolyn,1430172351518,Welcome! I'm VirtualCarolyn. I'm here to have an interactive dialogue with you to assist you in your programming task.,INTRO_SHORT
2015-04-27,18:05:55,0,VirtualCarolyn,1430172357539,"You have 50 minutes to work on the problem. Do as much as possible, but don’t worry about it if you are unable to finish.You can find a description of the problem at the top of your programming buffer. Please take a minute to read and understand it. Let me know when you’re done.",TUTOR
2015-04-27,18:07:55,0,VirtualCarolyn,1430172477590,I am waiting for your response to start. Please ask for help if you are stuck.,TUTOR
DATE,TIME,TYPING_DURATION,AUTHOR,NOTE,TEXT,ANNOTATIONS
2015-04-27,18:14:59,0,VirtualCarolyn,1430172900788,Welcome! I'm VirtualCarolyn. I'm here to have an interactive dialogue with you to assist you in your programming task.,INTRO_SHORT
DATE,TIME,TYPING_DURATION,AUTHOR,NOTE,TEXT,ANNOTATIONS
2015-04-27,18:16:16,0,VirtualCarolyn,1430172977648,Welcome! I'm VirtualCarolyn. I'm here to have an interactive dialogue with you to assist you in your programming task.,INTRO_SHORT
2015-04-27,18:16:21,0,VirtualCarolyn,1430172983666,"You have 50 minutes to work on the problem. Do as much as possible, but don’t worry about it if you are unable to finish.You can find a description of the problem at the top of your programming buffer. Please take a minute to read and understand it. Let me know when you’re done.",TUTOR
2015-04-27,18:16:33,0,root,1430172993669,i am done,AFFIRMATIVE
2015-04-27,18:16:33,0,VirtualCarolyn,1430172995674,Let’s make sure you understand the problem by going through our three test cases.,TUTOR
2015-04-27,18:16:33,0,VirtualCarolyn,1430172997679,"You saw in the instructions that if you input 0, it should print 2.",TUTOR
2015-04-27,18:16:33,0,VirtualCarolyn,1430172997682,What happens if you input 9?,TUTOR
2015-04-27,18:16:42,0,root,1430173002870,71,
2015-04-27,18:16:44,0,VirtualCarolyn,1430173005687,Good job,TUTOR
2015-04-27,18:16:44,0,VirtualCarolyn,1430173005690,How about an input of 16?,TUTOR
2015-04-27,18:16:49,0,root,1430173009347,199,
2015-04-27,18:16:54,0,VirtualCarolyn,1430173015698,Exactly,TUTOR
2015-04-27,18:16:54,0,VirtualCarolyn,1430173015700,"Great! You can hit “Submit” at any time to see what your program does given these three inputs (0, 9, 16).",TUTOR
2015-04-27,18:16:54,0,VirtualCarolyn,1430173015703,"Okay, let’s get started. I’m here to listen how you think through the problem, and help you as much as you want. To begin with, talk through your plan with me, and then as you proceed through the implementation, continue to go through your thought process with me.",TUTOR
2015-04-27,18:17:04,0,root,1430173024824,main,MAIN
2015-04-27,18:17:04,0,VirtualCarolyn,1430173025710,Do you want to talk more about the structure of your main method?,TUTOR
2015-04-27,18:17:09,0,root,1430173029975,yes,AFFIRMATIVE
2015-04-27,18:17:09,0,VirtualCarolyn,1430173031716,Let's talk about the input to the main method.,TUTOR
2015-04-27,18:17:10,0,VirtualCarolyn,1430173033720,How will you access it and what form should it be in?,TUTOR
2015-04-27,18:17:27,0,root,1430173048665,it will be an integer may be,GIVING_OPINION
2015-04-27,18:17:30,0,VirtualCarolyn,1430173051731,I am waiting for your response to start. Please ask for help if you are stuck.,TUTOR
2015-04-27,18:17:30,0,VirtualCarolyn,1430173051736,How will you access it and what form should it be in?,TUTOR
2015-04-27,18:17:34,0,root,1430173054353,i will use args[0],
2015-04-27,18:17:35,0,VirtualCarolyn,1430173055747,Try again?,TUTOR
2015-04-27,18:17:35,0,VirtualCarolyn,1430173055753,"Think about what form the input takes, and how you need to use it. How do you read the input, and how do you transform it?",TUTOR
2015-04-27,18:18:35,0,VirtualCarolyn,1430173115775,"The input is a list of string arguments, and can be accessed using args[0].
You'll want to use it as an int, though, so you should call something like:
int n = Integer.parseInt(args[0]);",TUTOR
2015-04-27,18:18:35,0,VirtualCarolyn,1430173115778,"One you have your int n, what will you do with it?",TUTOR
2015-04-27,18:19:02,0,root,1430173142298,check whether it is prime or not,GIVING_OPINION+ISPRIME+NEGATIVE
2015-04-27,18:19:06,0,VirtualCarolyn,1430173147791,I am waiting for your response to start. Please ask for help if you are stuck.,TUTOR
2015-04-27,18:19:06,0,VirtualCarolyn,1430173147793,"One you have your int n, what will you do with it?",TUTOR
2015-04-27,18:19:35,0,VirtualCarolyn,1430173175804,Try again?,TUTOR
2015-04-27,18:19:35,0,VirtualCarolyn,1430173175806,"Remember, n is an iteger indicating the index of the circular prime you want to return. How will you know when you've found n circular primes?",TUTOR
2015-04-27,18:20:11,0,root,1430173211247,i will maintain a counter,MAIN
2015-04-27,18:20:11,0,VirtualCarolyn,1430173211819,I am waiting for your response to start. Please ask for help if you are stuck.,TUTOR
2015-04-27,18:20:11,0,VirtualCarolyn,1430173211822,"Remember, n is an iteger indicating the index of the circular prime you want to return. How will you know when you've found n circular primes?",TUTOR
2015-04-27,18:20:31,0,root,1430173233506,i will maintain a counter to keep track of circular primes,MAIN
DATE,TIME,TYPING_DURATION,AUTHOR,NOTE,TEXT,ANNOTATIONS
2015-04-27,18:24:55,0,VirtualCarolyn,1430173497284,Welcome! I'm VirtualCarolyn. I'm here to have an interactive dialogue with you to assist you in your programming task.,INTRO_SHORT
2015-04-27,18:25:01,0,VirtualCarolyn,1430173503302,"You have 50 minutes to work on the problem. Do as much as possible, but don’t worry about it if you are unable to finish.You can find a description of the problem at the top of your programming buffer. Please take a minute to read and understand it. Let me know when you’re done.",TUTOR
2015-04-27,18:25:08,0,root,1430173508899,i m done,
2015-04-27,18:25:57,0,root,1430173557216,done,
2015-04-27,18:25:58,0,root,1430173558779,done,
2015-04-27,18:26:03,0,root,1430173563674,r u mad,
2015-04-27,18:26:09,0,root,1430173569834,please talk,HELP_REQUEST
DATE,TIME,TYPING_DURATION,AUTHOR,NOTE,TEXT,ANNOTATIONS
2015-04-27,18:27:07,0,VirtualCarolyn,1430173629357,Welcome! I'm VirtualCarolyn. I'm here to have an interactive dialogue with you to assist you in your programming task.,INTRO_SHORT
2015-04-27,18:27:13,0,VirtualCarolyn,1430173635377,"You have 50 minutes to work on the problem. Do as much as possible, but don’t worry about it if you are unable to finish.You can find a description of the problem at the top of your programming buffer. Please take a minute to read and understand it. Let me know when you’re done.",TUTOR
2015-04-27,18:27:22,0,root,1430173642535,i m done,
2015-04-27,18:27:54,0,root,1430173674755,i am done,AFFIRMATIVE
2015-04-27,18:27:54,0,VirtualCarolyn,1430173675398,Let’s make sure you understand the problem by going through our three test cases.,TUTOR
2015-04-27,18:27:54,0,VirtualCarolyn,1430173677402,"You saw in the instructions that if you input 0, it should print 2.",TUTOR
2015-04-27,18:27:54,0,VirtualCarolyn,1430173677405,What happens if you input 9?,TUTOR
2015-04-27,18:28:23,0,root,1430173703791,71,
2015-04-27,18:28:25,0,VirtualCarolyn,1430173707418,Correct!,TUTOR
2015-04-27,18:28:25,0,VirtualCarolyn,1430173707421,How about an input of 16?,TUTOR
2015-04-27,18:28:31,0,root,1430173711157,199,
2015-04-27,18:28:35,0,VirtualCarolyn,1430173717430,Good job,TUTOR
2015-04-27,18:28:35,0,VirtualCarolyn,1430173717433,"Great! You can hit “Submit” at any time to see what your program does given these three inputs (0, 9, 16).",TUTOR
2015-04-27,18:28:35,0,VirtualCarolyn,1430173717435,"Okay, let’s get started. I’m here to listen how you think through the problem, and help you as much as you want. To begin with, talk through your plan with me, and then as you proceed through the implementation, continue to go through your thought process with me.",TUTOR
2015-04-27,18:29:24,0,root,1430173765378,i need a method to check whether a number is a prime or not,HELP_REQUEST+CIRCPRIME_ISPRIME+ISPRIME+NEGATIVE
DATE,TIME,TYPING_DURATION,AUTHOR,NOTE,TEXT,ANNOTATIONS
2015-04-27,18:32:55,0,VirtualCarolyn,1430173976576,Welcome! I'm VirtualCarolyn. I'm here to have an interactive dialogue with you to assist you in your programming task.,INTRO_SHORT
2015-04-27,18:33:00,0,VirtualCarolyn,1430173982594,"You have 50 minutes to work on the problem. Do as much as possible, but don’t worry about it if you are unable to finish.You can find a description of the problem at the top of your programming buffer. Please take a minute to read and understand it. Let me know when you’re done.",TUTOR
2015-04-27,18:33:16,0,root,1430173996822,i am done,AFFIRMATIVE
2015-04-27,18:33:16,0,VirtualCarolyn,1430173998606,Let’s make sure you understand the problem by going through our three test cases.,TUTOR
2015-04-27,18:33:16,0,VirtualCarolyn,1430174000610,"You saw in the instructions that if you input 0, it should print 2.",TUTOR
2015-04-27,18:33:16,0,VirtualCarolyn,1430174000613,What happens if you input 9?,TUTOR
2015-04-27,18:34:04,0,root,1430174045099,71,
2015-04-27,18:34:07,0,VirtualCarolyn,1430174048632,That's correct,TUTOR
2015-04-27,18:34:07,0,VirtualCarolyn,1430174048635,How about an input of 16?,TUTOR
2015-04-27,18:34:09,0,root,1430174049470,199,
2015-04-27,18:34:13,0,VirtualCarolyn,1430174054642,Spot on,TUTOR
2015-04-27,18:34:13,0,VirtualCarolyn,1430174054645,"Great! You can hit “Submit” at any time to see what your program does given these three inputs (0, 9, 16).",TUTOR
2015-04-27,18:34:13,0,VirtualCarolyn,1430174054648,"Okay, let’s get started. I’m here to listen how you think through the problem, and help you as much as you want. To begin with, talk through your plan with me, and then as you proceed through the implementation, continue to go through your thought process with me.",TUTOR
2015-04-27,18:35:42,0,root,1430174143021,main,MAIN
2015-04-27,18:35:43,0,VirtualCarolyn,1430174144683,Do you want to talk more about the structure of your main method?,TUTOR
2015-04-27,18:35:48,0,root,1430174148178,yes,AFFIRMATIVE
2015-04-27,18:35:48,0,VirtualCarolyn,1430174148687,Let's talk about the input to the main method.,TUTOR
2015-04-27,18:35:48,0,VirtualCarolyn,1430174150690,How will you access it and what form should it be in?,TUTOR
2015-04-27,18:36:48,0,VirtualCarolyn,1430174208712,Sorry...,TUTOR
2015-04-27,18:36:48,0,VirtualCarolyn,1430174208715,"Think about what form the input takes, and how you need to use it. How do you read the input, and how do you transform it?",TUTOR
2015-04-27,18:37:13,0,root,1430174233238,abc,
2015-04-27,18:37:13,0,VirtualCarolyn,1430174234727,Try ?,TUTOR
2015-04-27,18:37:13,0,VirtualCarolyn,1430174234730,"Think about what form the input takes, and how you need to use it. How do you read the input, and how do you transform it?",TUTOR
2015-04-27,18:37:29,0,root,1430174249217,abc,
2015-04-27,18:37:29,0,VirtualCarolyn,1430174250738,"The input is a list of string arguments, and can be accessed using args[0].
You'll want to use it as an int, though, so you should call something like:
int n = Integer.parseInt(args[0]);",TUTOR
2015-04-27,18:37:29,0,VirtualCarolyn,1430174250741,"One you have your int n, what will you do with it?",TUTOR
2015-04-27,18:37:44,0,root,1430174264389,abc,
2015-04-27,18:37:44,0,VirtualCarolyn,1430174264750,Try ?,TUTOR
2015-04-27,18:37:44,0,VirtualCarolyn,1430174264752,"One you have your int n, what will you do with it?",TUTOR
2015-04-27,18:38:29,0,VirtualCarolyn,1430174310772,Try again?,TUTOR
2015-04-27,18:38:29,0,VirtualCarolyn,1430174310775,"Remember, n is an iteger indicating the index of the circular prime you want to return. How will you know when you've found n circular primes?",TUTOR
2015-04-27,18:39:29,0,VirtualCarolyn,1430174370798,You should make a counter that starts at 0 and iterates up to n. Increment it each time you find a circular prime.,TUTOR
2015-04-27,18:39:29,0,VirtualCarolyn,1430174370801,What other methods will you call from your main method?,TUTOR
2015-04-27,18:39:46,0,root,1430174386175,kk,
2015-04-27,18:39:49,0,VirtualCarolyn,1430174390810,Try ?,TUTOR
2015-04-27,18:39:49,0,VirtualCarolyn,1430174390813,What other methods will you call from your main method?,TUTOR
2015-04-27,18:40:29,0,VirtualCarolyn,1430174430834,Almost...,TUTOR
2015-04-27,18:40:29,0,VirtualCarolyn,1430174430837,"You'll need to check if numbers are circular primes. Since you'll be doing that repeatedly, it's a good idea to separate it out into a separate method.",TUTOR
2015-04-27,18:41:29,0,VirtualCarolyn,1430174490870,You'll need to call a different method called isCircularPrime (or something similar) that returns a boolean(True or False).,TUTOR
2015-04-27,18:41:29,0,VirtualCarolyn,1430174490873,How will you know which numbers to test to see if it's a circular prime?,TUTOR
2015-04-27,18:42:29,0,VirtualCarolyn,1430174550895,Not quite...,TUTOR
2015-04-27,18:42:29,0,VirtualCarolyn,1430174550897,You'll have to look at each possible number until you find the right number of circular primes. How will you do that?,TUTOR
2015-04-27,18:43:29,0,VirtualCarolyn,1430174610918,You should make a counter that starts at 0 and iterates up to n. Increment it each time you find a circular prime.,TUTOR
2015-04-27,18:43:29,0,VirtualCarolyn,1430174610920,Good work. Let's move on to the next part of your plan.,TUTOR
2015-04-27,18:43:36,0,VirtualCarolyn,1430174616925,...,END_MACRO
DATE,TIME,TYPING_DURATION,AUTHOR,NOTE,TEXT,ANNOTATIONS
2015-04-29,23:01:35,0,VirtualCarolyn,1430362895591,Welcome! I'm VirtualCarolyn. I'm here to have an interactive dialogue with you to assist you in your programming task.,INTRO_SHORT
2015-04-29,23:01:41,0,VirtualCarolyn,1430362901660,"You have 50 minutes to work on the problem. Do as much as possible, but don’t worry about it if you are unable to finish.You can find a description of the problem at the top of your programming buffer. Please take a minute to read and understand it. Let me know when you’re done.",TUTOR
2015-04-29,23:03:41,0,VirtualCarolyn,1430363021710,Try ?,TUTOR
2015-04-29,23:06:41,0,VirtualCarolyn,1430363201785,Are you ready to get started?,TUTOR
DATE,TIME,TYPING_DURATION,AUTHOR,NOTE,TEXT,ANNOTATIONS
2015-04-30,00:00:18,0,VirtualCarolyn,1430366419359,Welcome! I'm VirtualCarolyn. I'm here to have an interactive dialogue with you to assist you in your programming task.,INTRO_SHORT
2015-04-30,00:00:24,0,VirtualCarolyn,1430366425452,"You have 50 minutes to work on the problem. Do as much as possible, but don’t worry about it if you are unable to finish.You can find a description of the problem at the top of your programming buffer. Please take a minute to read and understand it. Let me know when you’re done.",TUTOR
2015-04-30,00:02:24,0,VirtualCarolyn,1430366545501,Try ?,TUTOR
2015-04-30,00:05:24,0,VirtualCarolyn,1430366725602,Are you ready to get started?,TUTOR
DATE,TIME,TYPING_DURATION,AUTHOR,NOTE,TEXT,ANNOTATIONS
2015-04-30,17:00:16,0,VirtualCarolyn,1430427616539,Welcome! I'm VirtualCarolyn. I'm here to have an interactive dialogue with you to assist you in your programming task.,INTRO_SHORT
2015-04-30,17:00:22,0,VirtualCarolyn,1430427622590,"You have 50 minutes to work on the problem. Do as much as possible, but don’t worry about it if you are unable to finish.You can find a description of the problem at the top of your programming buffer. Please take a minute to read and understand it. Let me know when you’re done.",TUTOR
DATE,TIME,TYPING_DURATION,AUTHOR,NOTE,TEXT,ANNOTATIONS
2015-05-01,00:36:40,0,VirtualCarolyn,1430455000489,Welcome! I'm VirtualCarolyn. I'm here to have an interactive dialogue with you to assist you in your programming task.,INTRO_SHORT
2015-05-01,00:36:45,0,VirtualCarolyn,1430455006566,"WARNING: I am a WORK IN PROGRESS. Please be aware that for now, you MUST write your entire response in a SINGLE MESSAGE. Otherwise I will NOT UNDERSTAND YOU. Sorry...hopefully I'll be able to understand multiple messages soon.",WARNING
2015-05-01,00:36:59,0,VirtualCarolyn,1430455020574,"You have 50 minutes to work on the problem. Do as much as possible, but don’t worry about it if you are unable to finish.You can find a description of the problem at the top of your programming buffer. Please take a minute to read and understand it. Let me know when you’re done.",TUTOR
2015-05-01,00:37:12,0,root,1430455032485,yes,AFFIRMATIVE
2015-05-01,00:37:22,0,root,1430455042935,i am done,AFFIRMATIVE+DONE
2015-05-01,00:37:22,0,VirtualCarolyn,1430455044591,Let’s make sure you understand the problem by going through our three test cases.,TUTOR
2015-05-01,00:37:23,0,VirtualCarolyn,1430455046596,"You saw in the instructions that if you input 0, it should print 2.",TUTOR
2015-05-01,00:37:23,0,VirtualCarolyn,1430455046599,What happens if you input 9?,TUTOR
2015-05-01,00:37:33,0,root,1430455053594,71,
2015-05-01,00:37:38,0,VirtualCarolyn,1430455058605,Good,TUTOR
2015-05-01,00:37:38,0,VirtualCarolyn,1430455058607,How about an input of 16?,TUTOR
2015-05-01,00:37:41,0,root,1430455062065,199,
2015-05-01,00:37:43,0,VirtualCarolyn,1430455064614,Perfect,TUTOR
2015-05-01,00:37:43,0,VirtualCarolyn,1430455064616,"Great! You can hit “Submit” at any time to see what your program does given these three inputs (0, 9, 16).",TUTOR
2015-05-01,00:37:43,0,VirtualCarolyn,1430455064618,"Okay, let’s get started. I’m here to listen how you think through the problem, and help you as much as you want. To begin with, talk through your plan with me, and then as you proceed through the implementation, continue to go through your thought process with me.",TUTOR
2015-05-01,00:37:51,0,root,1430455072263,is prime method,IS_PRIME
2015-05-01,00:37:52,0,VirtualCarolyn,1430455074628,"Let's go into some more detail about your method to identify primes, okay?",TUTOR
2015-05-01,00:39:52,0,VirtualCarolyn,1430455192671,That's not quite what I'm looking for...try rephrasing?,TUTOR
2015-05-01,00:42:52,0,VirtualCarolyn,1430455372729,"Okay, let me know if you want to come back to it later.",TUTOR
2015-05-01,00:45:21,0,root,1430455521618,rotate string,ROTATE
2015-05-01,00:45:21,0,VirtualCarolyn,1430455524781,Would you like to discuss your method to rotate the number?,TUTOR
2015-05-01,00:45:28,0,root,1430455528557,no,CHALLENGE_CONTRIBUTION+NEGATIVE
2015-05-01,00:45:28,0,VirtualCarolyn,1430455528787,"Sure, let me know if you want to come back to it later.",TUTOR
2015-05-01,00:45:44,0,root,1430455546729,I want to discuss rotate string,ROTATE+GIVING_OPINION
2015-05-01,00:45:46,0,VirtualCarolyn,1430455546800,Would you like to discuss your method to rotate the number?,TUTOR
2015-05-01,00:46:08,0,root,1430455568921,yes,AFFIRMATIVE
2015-05-01,00:46:08,0,VirtualCarolyn,1430455570812,"Okay. This method will have a string as input, and return another string as output.",TUTOR
2015-05-01,00:46:08,0,VirtualCarolyn,1430455572817,How will you separate the character you want to move from the rest of the string?,TUTOR
2015-05-01,00:46:31,0,root,1430455591929,concatenate,
2015-05-01,00:46:34,0,VirtualCarolyn,1430455594827,That's not quite what I'm looking for...try rephrasing?,TUTOR
2015-05-01,00:46:34,0,VirtualCarolyn,1430455594828,How will you separate the character you want to move from the rest of the string?,TUTOR
2015-05-01,00:46:51,0,root,1430455613576,get first character and append it to the end,
2015-05-01,00:46:55,0,VirtualCarolyn,1430455616839,Not quite...,TUTOR
2015-05-01,00:46:55,0,VirtualCarolyn,1430455616842,"A handy way to parse a string in Java is the substring method.
If you call s.substring(a,b) it gives you a string greater than or equal to index a and less than index b.
For example:
	""abcdef"".substring(2,4) = ""cd""",TUTOR
2015-05-01,00:47:05,0,root,1430455626001,ok thanks,AFFIRMATIVE
2015-05-01,00:47:10,0,VirtualCarolyn,1430455630852,That's not quite what I'm looking for...try rephrasing?,TUTOR
2015-05-01,00:47:10,0,VirtualCarolyn,1430455630855,"A handy way to parse a string in Java is the substring method.
If you call s.substring(a,b) it gives you a string greater than or equal to index a and less than index b.
For example:
	""abcdef"".substring(2,4) = ""cd""",TUTOR
2015-05-01,00:47:21,0,root,1430455641202,ok i will use substring,AFFIRMATIVE+ROTATE_SUBSTRING_TOP+ROTATE_SUBSTRING
2015-05-01,00:47:25,0,VirtualCarolyn,1430455646863,That's correct,TUTOR
2015-05-01,00:47:25,0,VirtualCarolyn,1430455646864,Now what do you need to do to return the rotated string?,TUTOR
2015-05-01,00:47:35,0,root,1430455656015,concatenate,
2015-05-01,00:47:36,0,VirtualCarolyn,1430455656874,That's not quite what I'm looking for...try rephrasing?,TUTOR
2015-05-01,00:47:36,0,VirtualCarolyn,1430455656877,Now what do you need to do to return the rotated string?,TUTOR
2015-05-01,00:47:43,0,root,1430455663459,i dont know,
2015-05-01,00:48:17,0,root,1430455697429,thr,
2015-05-01,00:48:30,0,root,1430455710282,is prime,IS_PRIME
2015-05-01,00:49:46,0,root,1430455786415,is circular prime,
DATE,TIME,TYPING_DURATION,AUTHOR,NOTE,TEXT,ANNOTATIONS
2015-05-01,00:52:15,0,VirtualCarolyn,1430455936996,Welcome! I'm VirtualCarolyn. I'm here to have an interactive dialogue with you to assist you in your programming task.,INTRO_SHORT
2015-05-01,00:52:21,0,VirtualCarolyn,1430455943018,"WARNING: I am a WORK IN PROGRESS. Please be aware that for now, you MUST write your entire response in a SINGLE MESSAGE. Otherwise I will NOT UNDERSTAND YOU. Sorry...hopefully I'll be able to understand multiple messages soon.",WARNING
2015-05-01,00:52:35,0,VirtualCarolyn,1430455957027,"You have 50 minutes to work on the problem. Do as much as possible, but don’t worry about it if you are unable to finish.You can find a description of the problem at the top of your programming buffer. Please take a minute to read and understand it. Let me know when you’re done.",TUTOR
2015-05-01,00:54:35,0,VirtualCarolyn,1430456075068,That's not quite what I'm looking for...try rephrasing?,TUTOR
2015-05-01,00:57:35,0,VirtualCarolyn,1430456255130,Are you ready to get started?,TUTOR
DATE,TIME,TYPING_DURATION,AUTHOR,NOTE,TEXT,ANNOTATIONS
2015-05-01,01:28:44,0,VirtualCarolyn,1430458126201,Welcome! I'm VirtualCarolyn. I'm here to have an interactive dialogue with you to assist you in your programming task.,INTRO_SHORT
2015-05-01,01:28:50,0,VirtualCarolyn,1430458132220,"WARNING: I am a WORK IN PROGRESS. Please be aware that for now, you MUST write your entire response in a SINGLE MESSAGE. Otherwise I will NOT UNDERSTAND YOU. Sorry...hopefully I'll be able to understand multiple messages soon.",WARNING
2015-05-01,01:29:04,0,VirtualCarolyn,1430458144233,"You have 50 minutes to work on the problem. Do as much as possible, but don’t worry about it if you are unable to finish.You can find a description of the problem at the top of your programming buffer. Please take a minute to read and understand it. Let me know when you’re done.",TUTOR
2015-05-01,01:29:17,0,root,1430458157856,i am done,AFFIRMATIVE+DONE
2015-05-01,01:29:17,0,VirtualCarolyn,1430458158241,Let’s make sure you understand the problem by going through our three test cases.,TUTOR
2015-05-01,01:29:17,0,VirtualCarolyn,1430458160246,"You saw in the instructions that if you input 0, it should print 2.",TUTOR
2015-05-01,01:29:17,0,VirtualCarolyn,1430458160248,What happens if you input 9?,TUTOR
2015-05-01,01:29:21,0,root,1430458161656,71,
2015-05-01,01:29:22,0,VirtualCarolyn,1430458164253,Wonderful,TUTOR
2015-05-01,01:29:22,0,VirtualCarolyn,1430458164256,How about an input of 16?,TUTOR
2015-05-01,01:29:24,0,root,1430458164926,199,
2015-05-01,01:29:28,0,VirtualCarolyn,1430458168263,Good job,TUTOR
2015-05-01,01:29:28,0,VirtualCarolyn,1430458168266,"Great! You can hit “Submit” at any time to see what your program does given these three inputs (0, 9, 16).",TUTOR
2015-05-01,01:29:28,0,VirtualCarolyn,1430458168268,"Okay, let’s get started. I’m here to listen how you think through the problem, and help you as much as you want. To begin with, talk through your plan with me, and then as you proceed through the implementation, continue to go through your thought process with me.",TUTOR
2015-05-01,01:29:42,0,root,1430458183117,is circular prime,
2015-05-01,01:29:59,0,root,1430458199984,is prime,IS_PRIME
2015-05-01,01:29:59,0,VirtualCarolyn,1430458202285,"Let's go into some more detail about your method to identify primes, okay?",TUTOR
2015-05-01,01:32:00,0,VirtualCarolyn,1430458320336,That's not quite what I'm looking for...try rephrasing?,TUTOR
2015-05-01,01:32:10,0,root,1430458330961,rotate string,ROTATE
2015-05-01,01:32:10,0,VirtualCarolyn,1430458334349,Would you like to discuss your method to rotate the number?,TUTOR
2015-05-01,01:33:27,0,root,1430458407512,yes,AFFIRMATIVE
2015-05-01,01:33:27,0,VirtualCarolyn,1430458408408,"Okay. This method will have a string as input, and return another string as output.",TUTOR
2015-05-01,01:33:27,0,VirtualCarolyn,1430458410413,How will you separate the character you want to move from the rest of the string?,TUTOR
2015-05-01,01:33:35,0,root,1430458415506,rotate string,ROTATE
2015-05-01,01:33:37,0,VirtualCarolyn,1430458418419,That's not quite what I'm looking for...try rephrasing?,TUTOR
2015-05-01,01:33:37,0,VirtualCarolyn,1430458418422,How will you separate the character you want to move from the rest of the string?,TUTOR
2015-05-01,01:33:47,0,root,1430458427472,is prime,IS_PRIME
2015-05-01,01:33:47,0,VirtualCarolyn,1430458428429,Not quite...,TUTOR
2015-05-01,01:33:47,0,VirtualCarolyn,1430458428432,"A handy way to parse a string in Java is the substring method.
If you call s.substring(a,b) it gives you a string greater than or equal to index a and less than index b.
For example:
	""abcdef"".substring(2,4) = ""cd""",TUTOR
DATE,TIME,TYPING_DURATION,AUTHOR,NOTE,TEXT,ANNOTATIONS
2015-05-01,01:34:16,0,VirtualCarolyn,1430458457857,Welcome! I'm VirtualCarolyn. I'm here to have an interactive dialogue with you to assist you in your programming task.,INTRO_SHORT
2015-05-01,01:34:22,0,VirtualCarolyn,1430458463874,"WARNING: I am a WORK IN PROGRESS. Please be aware that for now, you MUST write your entire response in a SINGLE MESSAGE. Otherwise I will NOT UNDERSTAND YOU. Sorry...hopefully I'll be able to understand multiple messages soon.",WARNING
2015-05-01,01:34:35,0,VirtualCarolyn,1430458475881,"You have 50 minutes to work on the problem. Do as much as possible, but don’t worry about it if you are unable to finish.You can find a description of the problem at the top of your programming buffer. Please take a minute to read and understand it. Let me know when you’re done.",TUTOR
2015-05-01,01:35:28,0,root,1430458529200,i am done,AFFIRMATIVE+DONE
2015-05-01,01:35:29,0,VirtualCarolyn,1430458529901,Let’s make sure you understand the problem by going through our three test cases.,TUTOR
2015-05-01,01:35:29,0,VirtualCarolyn,1430458531907,"You saw in the instructions that if you input 0, it should print 2.",TUTOR
2015-05-01,01:35:29,0,VirtualCarolyn,1430458531909,What happens if you input 9?,TUTOR
2015-05-01,01:35:32,0,root,1430458532617,71,
2015-05-01,01:35:33,0,root,1430458533876,199,
2015-05-01,01:35:34,0,VirtualCarolyn,1430458535916,Exactly,TUTOR
2015-05-01,01:35:34,0,VirtualCarolyn,1430458535918,How about an input of 16?,TUTOR
2015-05-01,01:35:38,0,root,1430458538737,199,
2015-05-01,01:35:39,0,VirtualCarolyn,1430458539924,Okay,TUTOR
2015-05-01,01:35:39,0,VirtualCarolyn,1430458539927,"Great! You can hit “Submit” at any time to see what your program does given these three inputs (0, 9, 16).",TUTOR
2015-05-01,01:35:39,0,VirtualCarolyn,1430458539929,"Okay, let’s get started. I’m here to listen how you think through the problem, and help you as much as you want. To begin with, talk through your plan with me, and then as you proceed through the implementation, continue to go through your thought process with me.",TUTOR
2015-05-01,01:35:44,0,root,1430458544709,is prime,IS_PRIME
2015-05-01,01:35:44,0,VirtualCarolyn,1430458547941,"Let's go into some more detail about your method to identify primes, okay?",TUTOR
2015-05-01,01:37:33,0,root,1430458653583,rotate string,ROTATE
2015-05-01,01:37:33,0,VirtualCarolyn,1430458656037,Would you like to discuss your method to rotate the number?,TUTOR
2015-05-01,01:37:44,0,VirtualCarolyn,1430458666050,That's not quite what I'm looking for...try rephrasing?,TUTOR
2015-05-01,01:39:16,0,root,1430458757050,riotate string,
2015-05-01,01:39:20,0,root,1430458760602,rotate string,ROTATE
2015-05-01,01:39:20,0,VirtualCarolyn,1430458762083,Would you like to discuss your method to rotate the number?,TUTOR
2015-05-01,01:39:33,0,VirtualCarolyn,1430458774105,That's not quite what I'm looking for...try rephrasing?,TUTOR
DATE,TIME,TYPING_DURATION,AUTHOR,NOTE,TEXT,ANNOTATIONS
2015-05-01,01:40:07,0,VirtualCarolyn,1430458807685,Welcome! I'm VirtualCarolyn. I'm here to have an interactive dialogue with you to assist you in your programming task.,INTRO_SHORT
2015-05-01,01:40:13,0,VirtualCarolyn,1430458813702,"WARNING: I am a WORK IN PROGRESS. Please be aware that for now, you MUST write your entire response in a SINGLE MESSAGE. Otherwise I will NOT UNDERSTAND YOU. Sorry...hopefully I'll be able to understand multiple messages soon.",WARNING
2015-05-01,01:40:25,0,root,1430458825587,rotate string,ROTATE
2015-05-01,01:40:25,0,VirtualCarolyn,1430458827719,Would you like to discuss your method to rotate the number?,TUTOR
2015-05-01,01:40:26,0,VirtualCarolyn,1430458829722,"You have 50 minutes to work on the problem. Do as much as possible, but don’t worry about it if you are unable to finish.You can find a description of the problem at the top of your programming buffer. Please take a minute to read and understand it. Let me know when you’re done.",TUTOR
2015-05-01,01:40:50,0,root,1430458851126,is prime,IS_PRIME
2015-05-01,01:40:51,0,VirtualCarolyn,1430458853739,"Let's go into some more detail about your method to identify primes, okay?",TUTOR
DATE,TIME,TYPING_DURATION,AUTHOR,NOTE,TEXT,ANNOTATIONS
2015-05-01,01:42:17,0,VirtualCarolyn,1430458937330,Welcome! I'm VirtualCarolyn. I'm here to have an interactive dialogue with you to assist you in your programming task.,INTRO_SHORT
2015-05-01,01:42:23,0,VirtualCarolyn,1430458943346,"WARNING: I am a WORK IN PROGRESS. Please be aware that for now, you MUST write your entire response in a SINGLE MESSAGE. Otherwise I will NOT UNDERSTAND YOU. Sorry...hopefully I'll be able to understand multiple messages soon.",WARNING
2015-05-01,01:42:33,0,root,1430458953325,is prime,IS_PRIME
2015-05-01,01:42:33,0,VirtualCarolyn,1430458955356,"Let's go into some more detail about your method to identify primes, okay?",TUTOR
2015-05-01,01:42:36,0,VirtualCarolyn,1430458957361,"You have 50 minutes to work on the problem. Do as much as possible, but don’t worry about it if you are unable to finish.You can find a description of the problem at the top of your programming buffer. Please take a minute to read and understand it. Let me know when you’re done.",TUTOR
2015-05-01,01:43:04,0,root,1430458984860,rotate string,ROTATE
2015-05-01,01:43:04,0,VirtualCarolyn,1430458987377,Would you like to discuss your method to rotate the number?,TUTOR
DATE,TIME,TYPING_DURATION,AUTHOR,NOTE,TEXT,ANNOTATIONS
2015-05-01,01:43:51,0,VirtualCarolyn,1430459033047,Welcome! I'm VirtualCarolyn. I'm here to have an interactive dialogue with you to assist you in your programming task.,INTRO_SHORT
2015-05-01,01:43:57,0,VirtualCarolyn,1430459039080,"WARNING: I am a WORK IN PROGRESS. Please be aware that for now, you MUST write your entire response in a SINGLE MESSAGE. Otherwise I will NOT UNDERSTAND YOU. Sorry...hopefully I'll be able to understand multiple messages soon.",WARNING
2015-05-01,01:44:10,0,VirtualCarolyn,1430459051088,"You have 50 minutes to work on the problem. Do as much as possible, but don’t worry about it if you are unable to finish.You can find a description of the problem at the top of your programming buffer. Please take a minute to read and understand it. Let me know when you’re done.",TUTOR
2015-05-01,01:46:10,0,VirtualCarolyn,1430459171132,That's not quite what I'm looking for...try rephrasing?,TUTOR
2015-05-01,01:49:10,0,VirtualCarolyn,1430459351190,Are you ready to get started?,TUTOR
DATE,TIME,TYPING_DURATION,AUTHOR,NOTE,TEXT,ANNOTATIONS
2015-05-01,12:55:29,0,VirtualCarolyn,1430499329955,Welcome! I'm VirtualCarolyn. I'm here to have an interactive dialogue with you to assist you in your programming task.,INTRO_SHORT
2015-05-01,12:55:35,0,VirtualCarolyn,1430499336036,"WARNING: I am a WORK IN PROGRESS. Please be aware that for now, you MUST write your entire response in a SINGLE MESSAGE. Otherwise I will NOT UNDERSTAND YOU. Sorry...hopefully I'll be able to understand multiple messages soon.",WARNING
2015-05-01,12:55:49,0,VirtualCarolyn,1430499350045,"You have 50 minutes to work on the problem. Do as much as possible, but don’t worry about it if you are unable to finish.You can find a description of the problem at the top of your programming buffer. Please take a minute to read and understand it. Let me know when you’re done.",TUTOR
2015-05-01,12:55:55,0,root,1430499356338,I am done,AFFIRMATIVE+DONE
2015-05-01,12:55:56,0,VirtualCarolyn,1430499358055,Let’s make sure you understand the problem by going through our three test cases.,TUTOR
2015-05-01,12:55:56,0,VirtualCarolyn,1430499360059,"You saw in the instructions that if you input 0, it should print 2.",TUTOR
2015-05-01,12:55:56,0,VirtualCarolyn,1430499360062,What happens if you input 9?,TUTOR
2015-05-01,12:56:01,0,root,1430499361174,71,
2015-05-01,12:56:01,0,VirtualCarolyn,1430499362065,Good,TUTOR
2015-05-01,12:56:01,0,VirtualCarolyn,1430499362068,How about an input of 16?,TUTOR
2015-05-01,12:56:03,0,root,1430499363551,199,
2015-05-01,12:56:06,0,VirtualCarolyn,1430499368077,Good,TUTOR
2015-05-01,12:56:06,0,VirtualCarolyn,1430499368080,"Great! You can hit “Submit” at any time to see what your program does given these three inputs (0, 9, 16).",TUTOR
2015-05-01,12:56:06,0,VirtualCarolyn,1430499368082,"Okay, let’s get started. I’m here to listen how you think through the problem, and help you as much as you want. To begin with, talk through your plan with me, and then as you proceed through the implementation, continue to go through your thought process with me.",TUTOR
2015-05-01,12:56:27,0,root,1430499391399,i will like to write a method for prime number,POSITIVITY+IS_PRIME
2015-05-01,12:56:31,0,VirtualCarolyn,1430499394150,"Let's go into some more detail about your method to identify primes, okay?",TUTOR
2015-05-01,12:57:26,0,root,1430499446240,I dont want to,GIVING_OPINION
DATE,TIME,TYPING_DURATION,AUTHOR,NOTE,TEXT,ANNOTATIONS
2015-05-01,12:59:07,0,VirtualCarolyn,1430499549056,Welcome! I'm VirtualCarolyn. I'm here to have an interactive dialogue with you to assist you in your programming task.,INTRO_SHORT
2015-05-01,12:59:13,0,VirtualCarolyn,1430499555077,"WARNING: I am a WORK IN PROGRESS. Please be aware that for now, you MUST write your entire response in a SINGLE MESSAGE. Otherwise I will NOT UNDERSTAND YOU. Sorry...hopefully I'll be able to understand multiple messages soon.",WARNING
2015-05-01,12:59:26,0,VirtualCarolyn,1430499567084,"You have 50 minutes to work on the problem. Do as much as possible, but don’t worry about it if you are unable to finish.You can find a description of the problem at the top of your programming buffer. Please take a minute to read and understand it. Let me know when you’re done.",TUTOR
2015-05-01,12:59:34,0,root,1430499575148,i am done,AFFIRMATIVE+DONE
2015-05-01,12:59:35,0,VirtualCarolyn,1430499577091,Let’s make sure you understand the problem by going through our three test cases.,TUTOR
2015-05-01,12:59:35,0,VirtualCarolyn,1430499579096,"You saw in the instructions that if you input 0, it should print 2.",TUTOR
2015-05-01,12:59:35,0,VirtualCarolyn,1430499579098,What happens if you input 9?,TUTOR
2015-05-01,12:59:39,0,root,1430499579768,71,
2015-05-01,12:59:40,0,VirtualCarolyn,1430499581102,Good work,TUTOR
2015-05-01,12:59:40,0,VirtualCarolyn,1430499581114,How about an input of 16?,TUTOR
2015-05-01,12:59:42,0,root,1430499582238,199,
2015-05-01,12:59:45,0,VirtualCarolyn,1430499587122,Okay,TUTOR
2015-05-01,12:59:45,0,VirtualCarolyn,1430499587125,"Great! You can hit “Submit” at any time to see what your program does given these three inputs (0, 9, 16).",TUTOR
2015-05-01,12:59:45,0,VirtualCarolyn,1430499587126,"Okay, let’s get started. I’m here to listen how you think through the problem, and help you as much as you want. To begin with, talk through your plan with me, and then as you proceed through the implementation, continue to go through your thought process with me.",TUTOR
2015-05-01,12:59:53,0,root,1430499593423,is prime,IS_PRIME
2015-05-01,12:59:53,0,VirtualCarolyn,1430499597136,"Let's go into some more detail about your method to identify primes, okay?",TUTOR
DATE,TIME,TYPING_DURATION,AUTHOR,NOTE,TEXT,ANNOTATIONS
2015-05-01,13:00:37,0,VirtualCarolyn,1430499638995,Welcome! I'm VirtualCarolyn. I'm here to have an interactive dialogue with you to assist you in your programming task.,INTRO_SHORT
2015-05-01,13:00:43,0,VirtualCarolyn,1430499645015,"WARNING: I am a WORK IN PROGRESS. Please be aware that for now, you MUST write your entire response in a SINGLE MESSAGE. Otherwise I will NOT UNDERSTAND YOU. Sorry...hopefully I'll be able to understand multiple messages soon.",WARNING
2015-05-01,13:00:57,0,VirtualCarolyn,1430499659024,"You have 50 minutes to work on the problem. Do as much as possible, but don’t worry about it if you are unable to finish.You can find a description of the problem at the top of your programming buffer. Please take a minute to read and understand it. Let me know when you’re done.",TUTOR
2015-05-01,13:01:11,0,root,1430499671949,is prime,IS_PRIME
2015-05-01,13:01:11,0,VirtualCarolyn,1430499675034,"Let's go into some more detail about your method to identify primes, okay?",TUTOR
2015-05-01,13:02:57,0,VirtualCarolyn,1430499779072,That's not quite what I'm looking for...try rephrasing?,TUTOR
DATE,TIME,TYPING_DURATION,AUTHOR,NOTE,TEXT,ANNOTATIONS
2015-05-01,13:03:17,0,VirtualCarolyn,1430499798943,Welcome! I'm VirtualCarolyn. I'm here to have an interactive dialogue with you to assist you in your programming task.,INTRO_SHORT
2015-05-01,13:03:23,0,VirtualCarolyn,1430499804970,"WARNING: I am a WORK IN PROGRESS. Please be aware that for now, you MUST write your entire response in a SINGLE MESSAGE. Otherwise I will NOT UNDERSTAND YOU. Sorry...hopefully I'll be able to understand multiple messages soon.",WARNING
2015-05-01,13:03:36,0,VirtualCarolyn,1430499816977,"You have 50 minutes to work on the problem. Do as much as possible, but don’t worry about it if you are unable to finish.You can find a description of the problem at the top of your programming buffer. Please take a minute to read and understand it. Let me know when you’re done.",TUTOR
2015-05-01,13:05:36,0,VirtualCarolyn,1430499937051,That's not quite what I'm looking for...try rephrasing?,TUTOR
2015-05-01,13:08:36,0,VirtualCarolyn,1430500117120,Are you ready to get started?,TUTOR
DATE,TIME,TYPING_DURATION,AUTHOR,NOTE,TEXT,ANNOTATIONS
2015-05-01,13:17:02,0,VirtualCarolyn,1430500624461,Welcome! I'm VirtualCarolyn. I'm here to have an interactive dialogue with you to assist you in your programming task.,INTRO_SHORT
2015-05-01,13:17:08,0,VirtualCarolyn,1430500630482,"WARNING: I am a WORK IN PROGRESS. Please be aware that for now, you MUST write your entire response in a SINGLE MESSAGE. Otherwise I will NOT UNDERSTAND YOU. Sorry...hopefully I'll be able to understand multiple messages soon.",WARNING
2015-05-01,13:17:22,0,VirtualCarolyn,1430500642489,"You have 50 minutes to work on the problem. Do as much as possible, but don’t worry about it if you are unable to finish.You can find a description of the problem at the top of your programming buffer. Please take a minute to read and understand it. Let me know when you’re done.",TUTOR
2015-05-01,13:19:22,0,VirtualCarolyn,1430500762530,That's not quite what I'm looking for...try rephrasing?,TUTOR
2015-05-01,13:22:22,0,VirtualCarolyn,1430500942590,Are you ready to get started?,TUTOR
DATE,TIME,TYPING_DURATION,AUTHOR,NOTE,TEXT,ANNOTATIONS
2015-05-02,23:37:11,0,VirtualCarolyn,1430624232190,Welcome! I'm VirtualCarolyn. I'm here to have an interactive dialogue with you to assist you in your programming task.,INTRO_SHORT
2015-05-02,23:37:17,0,VirtualCarolyn,1430624238308,"WARNING: I am a WORK IN PROGRESS. Please be aware that for now, you MUST write your entire response in a SINGLE MESSAGE. Otherwise I will NOT UNDERSTAND YOU. Sorry...hopefully I'll be able to understand multiple messages soon.",WARNING
2015-05-02,23:37:31,0,VirtualCarolyn,1430624252317,"You have 50 minutes to work on the problem. Do as much as possible, but don’t worry about it if you are unable to finish.You can find a description of the problem at the top of your programming buffer. Please take a minute to read and understand it. Let me know when you’re done.",TUTOR
2015-05-02,23:38:05,0,root,1430624286052,i am done,AFFIRMATIVE+DONE
2015-05-02,23:38:06,0,VirtualCarolyn,1430624286332,Let’s make sure you understand the problem by going through our three test cases.,TUTOR
2015-05-02,23:38:06,0,VirtualCarolyn,1430624288335,"You saw in the instructions that if you input 0, it should print 2.",TUTOR
2015-05-02,23:38:06,0,VirtualCarolyn,1430624288338,What happens if you input 9?,TUTOR
2015-05-02,23:38:14,0,root,1430624294207,71,
2015-05-02,23:38:16,0,VirtualCarolyn,1430624298345,You're right,TUTOR
2015-05-02,23:38:16,0,VirtualCarolyn,1430624298348,How about an input of 16?,TUTOR
2015-05-02,23:38:19,0,root,1430624299184,199,
2015-05-02,23:38:21,0,VirtualCarolyn,1430624302354,Perfect,TUTOR
2015-05-02,23:38:21,0,VirtualCarolyn,1430624302357,"Great! You can hit “Submit” at any time to see what your program does given these three inputs (0, 9, 16).",TUTOR
2015-05-02,23:38:21,0,VirtualCarolyn,1430624302358,"Okay, let’s get started. I’m here to listen how you think through the problem, and help you as much as you want. To begin with, talk through your plan with me, and then as you proceed through the implementation, continue to go through your thought process with me.",TUTOR
2015-05-02,23:38:49,0,root,1430624329178,main method,MAIN
2015-05-02,23:38:49,0,VirtualCarolyn,1430624332373,Do you want to talk more about the structure of your main method?,TUTOR
2015-05-02,23:39:00,0,root,1430624340338,yes,AFFIRMATIVE
2015-05-02,23:39:00,0,VirtualCarolyn,1430624340379,Let's talk about the input to the main method.,TUTOR
2015-05-02,23:39:00,0,VirtualCarolyn,1430624342384,How will you access it and what form should it be in?,TUTOR
2015-05-02,23:39:17,0,root,1430624357350,args[0] integer,MAIN_ARGUMENT
2015-05-02,23:39:20,0,VirtualCarolyn,1430624362392,Wonderful,TUTOR
2015-05-02,23:39:20,0,VirtualCarolyn,1430624362395,"One you have your int n, what will you do with it?",TUTOR
2015-05-02,23:39:46,0,root,1430624386881,counter for n,
2015-05-02,23:39:51,0,VirtualCarolyn,1430624392408,That's not quite what I'm looking for...try rephrasing?,TUTOR
2015-05-02,23:39:51,0,VirtualCarolyn,1430624392409,"One you have your int n, what will you do with it?",TUTOR
2015-05-02,23:40:00,0,root,1430624400244,initialize counter,
2015-05-02,23:40:01,0,VirtualCarolyn,1430624402420,Sorry...,TUTOR
2015-05-02,23:40:01,0,VirtualCarolyn,1430624402421,"Remember, n is an iteger indicating the index of the circular prime you want to return. How will you know when you've found n circular primes?",TUTOR
2015-05-02,23:40:14,0,root,1430624414407,maintain counter,MAIN
2015-05-02,23:40:17,0,VirtualCarolyn,1430624418429,That's not quite what I'm looking for...try rephrasing?,TUTOR
2015-05-02,23:40:17,0,VirtualCarolyn,1430624418431,"Remember, n is an iteger indicating the index of the circular prime you want to return. How will you know when you've found n circular primes?",TUTOR
2015-05-02,23:40:31,0,root,1430624432074,maintain counter ,MAIN
2015-05-02,23:40:32,0,VirtualCarolyn,1430624434436,You should make a counter that starts at 0 and iterates up to n. Increment it each time you find a circular prime.,TUTOR
2015-05-02,23:40:32,0,VirtualCarolyn,1430624434438,What other methods will you call from your main method?,TUTOR
2015-05-02,23:40:50,0,root,1430624450140,isprime,IS_PRIME
2015-05-02,23:40:52,0,VirtualCarolyn,1430624454446,That's not quite what I'm looking for...try rephrasing?,TUTOR
2015-05-02,23:40:52,0,VirtualCarolyn,1430624454448,What other methods will you call from your main method?,TUTOR
2015-05-02,23:40:57,0,root,1430624457396,iscircualrprime,
2015-05-02,23:40:58,0,VirtualCarolyn,1430624458450,Not quite...,TUTOR
2015-05-02,23:40:58,0,VirtualCarolyn,1430624458452,"You'll need to check if numbers are circular primes. Since you'll be doing that repeatedly, it's a good idea to separate it out into a separate method.",TUTOR
2015-05-02,23:41:16,0,root,1430624477080,is circular prime,
2015-05-02,23:41:18,0,VirtualCarolyn,1430624480459,That's not quite what I'm looking for...try rephrasing?,TUTOR
2015-05-02,23:41:18,0,VirtualCarolyn,1430624480460,"You'll need to check if numbers are circular primes. Since you'll be doing that repeatedly, it's a good idea to separate it out into a separate method.",TUTOR
2015-05-02,23:41:58,0,VirtualCarolyn,1430624518489,You'll need to call a different method called isCircularPrime (or something similar) that returns a boolean(True or False).,TUTOR
2015-05-02,23:41:58,0,VirtualCarolyn,1430624518492,How will you know which numbers to test to see if it's a circular prime?,TUTOR
2015-05-02,23:42:58,0,VirtualCarolyn,1430624578541,Sorry...,TUTOR
2015-05-02,23:42:58,0,VirtualCarolyn,1430624578545,You'll have to look at each possible number until you find the right number of circular primes. How will you do that?,TUTOR
DATE,TIME,TYPING_DURATION,AUTHOR,NOTE,TEXT,ANNOTATIONS
2015-05-02,23:47:23,0,VirtualCarolyn,1430624843939,Welcome! I'm VirtualCarolyn. I'm here to have an interactive dialogue with you to assist you in your programming task.,INTRO_SHORT
2015-05-02,23:47:29,0,VirtualCarolyn,1430624849984,"WARNING: I am a WORK IN PROGRESS. Please be aware that for now, you MUST write your entire response in a SINGLE MESSAGE. Otherwise I will NOT UNDERSTAND YOU. Sorry...hopefully I'll be able to understand multiple messages soon.",WARNING
2015-05-02,23:47:42,0,VirtualCarolyn,1430624863992,"You have 50 minutes to work on the problem. Do as much as possible, but don’t worry about it if you are unable to finish.You can find a description of the problem at the top of your programming buffer. Please take a minute to read and understand it. Let me know when you’re done.",TUTOR
2015-05-02,23:48:51,0,root,1430624933582,Please help I am stcuk,CONFUSION+HELP_REQUEST+AFFIRMATIVE+HELP
2015-05-02,23:48:53,0,root,1430624934213,stuck,HELP
2015-05-02,23:48:57,0,root,1430624937293,please help,CONFUSION+HELP_REQUEST+HELP
2015-05-02,23:49:42,0,VirtualCarolyn,1430624984083,That's not quite what I'm looking for...try rephrasing?,TUTOR
DATE,TIME,TYPING_DURATION,AUTHOR,NOTE,TEXT,ANNOTATIONS
2015-05-02,23:50:12,0,VirtualCarolyn,1430625013623,Welcome! I'm VirtualCarolyn. I'm here to have an interactive dialogue with you to assist you in your programming task.,INTRO_SHORT
2015-05-02,23:50:17,0,VirtualCarolyn,1430625019639,"WARNING: I am a WORK IN PROGRESS. Please be aware that for now, you MUST write your entire response in a SINGLE MESSAGE. Otherwise I will NOT UNDERSTAND YOU. Sorry...hopefully I'll be able to understand multiple messages soon.",WARNING
2015-05-02,23:50:31,0,VirtualCarolyn,1430625031651,"You have 50 minutes to work on the problem. Do as much as possible, but don’t worry about it if you are unable to finish.You can find a description of the problem at the top of your programming buffer. Please take a minute to read and understand it. Let me know when you’re done.",TUTOR
2015-05-02,23:51:07,0,root,1430625067611,please help,CONFUSION+HELP_REQUEST+HELP
2015-05-02,23:52:31,0,VirtualCarolyn,1430625151693,That's not quite what I'm looking for...try rephrasing?,TUTOR
2015-05-02,23:55:31,0,VirtualCarolyn,1430625331793,Are you ready to get started?,TUTOR
2015-05-02,23:55:32,0,root,1430625332415,i am done,AFFIRMATIVE+DONE
2015-05-02,23:55:36,0,root,1430625336582,yes,AFFIRMATIVE
2015-05-02,23:57:34,0,root,1430625454838,please help,CONFUSION+HELP_REQUEST+HELP
2015-05-02,23:57:34,0,VirtualCarolyn,1430625455843,"You have 50 minutes to work on the problem. Do as much as possible, but don’t worry about it if you are unable to finish.You can find a description of the problem at the top of your programming buffer. Please take a minute to read and understand it. Let me know when you’re done.",TUTOR
2015-05-02,23:57:42,0,root,1430625462317,i am done,AFFIRMATIVE+DONE
2015-05-02,23:57:42,0,VirtualCarolyn,1430625463853,Let’s make sure you understand the problem by going through our three test cases.,TUTOR
2015-05-02,23:57:42,0,VirtualCarolyn,1430625465856,"You saw in the instructions that if you input 0, it should print 2.",TUTOR
2015-05-02,23:57:42,0,VirtualCarolyn,1430625465857,What happens if you input 9?,TUTOR
DATE,TIME,TYPING_DURATION,AUTHOR,NOTE,TEXT,ANNOTATIONS
2015-05-02,23:58:45,0,VirtualCarolyn,1430625527310,Welcome! I'm VirtualCarolyn. I'm here to have an interactive dialogue with you to assist you in your programming task.,INTRO_SHORT
2015-05-02,23:58:51,0,VirtualCarolyn,1430625533329,"WARNING: I am a WORK IN PROGRESS. Please be aware that for now, you MUST write your entire response in a SINGLE MESSAGE. Otherwise I will NOT UNDERSTAND YOU. Sorry...hopefully I'll be able to understand multiple messages soon.",WARNING
2015-05-02,23:58:58,0,root,1430625538442,i am done,AFFIRMATIVE+DONE
2015-05-02,23:59:05,0,VirtualCarolyn,1430625545334,"You have 50 minutes to work on the problem. Do as much as possible, but don’t worry about it if you are unable to finish.You can find a description of the problem at the top of your programming buffer. Please take a minute to read and understand it. Let me know when you’re done.",TUTOR
2015-05-02,23:59:10,0,root,1430625550813,ia m done,DONE
2015-05-02,23:59:10,0,VirtualCarolyn,1430625551338,Let’s make sure you understand the problem by going through our three test cases.,TUTOR
2015-05-02,23:59:10,0,VirtualCarolyn,1430625553343,"You saw in the instructions that if you input 0, it should print 2.",TUTOR
2015-05-02,23:59:10,0,VirtualCarolyn,1430625553346,What happens if you input 9?,TUTOR
2015-05-02,23:59:25,0,root,1430625565123,71,
2015-05-02,23:59:26,0,VirtualCarolyn,1430625567356,That's correct,TUTOR
2015-05-02,23:59:26,0,VirtualCarolyn,1430625567358,How about an input of 16?,TUTOR
2015-05-02,23:59:27,0,root,1430625568086,199,
2015-05-02,23:59:31,0,VirtualCarolyn,1430625571361,Good job,TUTOR
2015-05-02,23:59:31,0,VirtualCarolyn,1430625571363,"Great! You can hit “Submit” at any time to see what your program does given these three inputs (0, 9, 16).",TUTOR
2015-05-02,23:59:31,0,VirtualCarolyn,1430625571365,"Okay, let’s get started. I’m here to listen how you think through the problem, and help you as much as you want. To begin with, talk through your plan with me, and then as you proceed through the implementation, continue to go through your thought process with me.",TUTOR
2015-05-02,23:59:48,0,root,1430625589074,Please help,CONFUSION+HELP_REQUEST+HELP
DATE,TIME,TYPING_DURATION,AUTHOR,NOTE,TEXT,ANNOTATIONS
2015-05-03,00:16:48,0,VirtualCarolyn,1430626608850,Welcome! I'm VirtualCarolyn. I'm here to have an interactive dialogue with you to assist you in your programming task.,INTRO_SHORT
2015-05-03,00:16:54,0,VirtualCarolyn,1430626614907,"WARNING: I am a WORK IN PROGRESS. Please be aware that for now, you MUST write your entire response in a SINGLE MESSAGE. Otherwise I will NOT UNDERSTAND YOU. Sorry...hopefully I'll be able to understand multiple messages soon.",WARNING
2015-05-03,00:17:07,0,VirtualCarolyn,1430626628926,"You have 50 minutes to work on the problem. Do as much as possible, but don’t worry about it if you are unable to finish.You can find a description of the problem at the top of your programming buffer. Please take a minute to read and understand it. Let me know when you’re done.",TUTOR
2015-05-03,00:19:08,0,VirtualCarolyn,1430626748973,That's not quite what I'm looking for...try rephrasing?,TUTOR
2015-05-03,00:21:37,0,root,1430626897666,i am done,AFFIRMATIVE+DONE
2015-05-03,00:21:37,0,VirtualCarolyn,1430626899043,Let’s make sure you understand the problem by going through our three test cases.,TUTOR
2015-05-03,00:21:37,0,VirtualCarolyn,1430626901048,"You saw in the instructions that if you input 0, it should print 2.",TUTOR
2015-05-03,00:21:37,0,VirtualCarolyn,1430626901050,What happens if you input 9?,TUTOR
2015-05-03,00:21:45,0,root,1430626905418,71,
2015-05-03,00:21:48,0,VirtualCarolyn,1430626909054,Good work,TUTOR
2015-05-03,00:21:48,0,VirtualCarolyn,1430626909055,How about an input of 16?,TUTOR
2015-05-03,00:21:49,0,root,1430626909828,199,
2015-05-03,00:21:53,0,VirtualCarolyn,1430626915059,Good job,TUTOR
2015-05-03,00:21:53,0,VirtualCarolyn,1430626915061,"Great! You can hit “Submit” at any time to see what your program does given these three inputs (0, 9, 16).",TUTOR
2015-05-03,00:21:53,0,VirtualCarolyn,1430626915062,"Okay, let’s get started. I’m here to listen how you think through the problem, and help you as much as you want. To begin with, talk through your plan with me, and then as you proceed through the implementation, continue to go through your thought process with me.",TUTOR
DATE,TIME,TYPING_DURATION,AUTHOR,NOTE,TEXT,ANNOTATIONS
2015-05-03,00:27:16,0,VirtualCarolyn,1430627237643,Welcome! I'm VirtualCarolyn. I'm here to have an interactive dialogue with you to assist you in your programming task.,INTRO_SHORT
2015-05-03,00:27:21,0,VirtualCarolyn,1430627243703,"WARNING: I am a WORK IN PROGRESS. Please be aware that for now, you MUST write your entire response in a SINGLE MESSAGE. Otherwise I will NOT UNDERSTAND YOU. Sorry...hopefully I'll be able to understand multiple messages soon.",WARNING
2015-05-03,00:27:35,0,VirtualCarolyn,1430627255712,"You have 50 minutes to work on the problem. Do as much as possible, but don’t worry about it if you are unable to finish.You can find a description of the problem at the top of your programming buffer. Please take a minute to read and understand it. Let me know when you’re done.",TUTOR
DATE,TIME,TYPING_DURATION,AUTHOR,NOTE,TEXT,ANNOTATIONS
2015-05-03,00:28:16,0,VirtualCarolyn,1430627296543,Welcome! I'm VirtualCarolyn. I'm here to have an interactive dialogue with you to assist you in your programming task.,INTRO_SHORT
2015-05-03,00:28:21,0,VirtualCarolyn,1430627302581,"WARNING: I am a WORK IN PROGRESS. Please be aware that for now, you MUST write your entire response in a SINGLE MESSAGE. Otherwise I will NOT UNDERSTAND YOU. Sorry...hopefully I'll be able to understand multiple messages soon.",WARNING
2015-05-03,00:28:35,0,VirtualCarolyn,1430627316590,"You have 50 minutes to work on the problem. Do as much as possible, but don’t worry about it if you are unable to finish.You can find a description of the problem at the top of your programming buffer. Please take a minute to read and understand it. Let me know when you’re done.",TUTOR
2015-05-03,00:28:52,0,root,1430627333013,i am done,AFFIRMATIVE+DONE
2015-05-03,00:28:53,0,VirtualCarolyn,1430627334611,Let’s make sure you understand the problem by going through our three test cases.,TUTOR
2015-05-03,00:28:53,0,VirtualCarolyn,1430627336621,"You saw in the instructions that if you input 0, it should print 2.",TUTOR
2015-05-03,00:28:53,0,VirtualCarolyn,1430627336625,What happens if you input 9?,TUTOR
2015-05-03,00:28:59,0,root,1430627339661,71,
2015-05-03,00:29:03,0,VirtualCarolyn,1430627344631,Good work,TUTOR
2015-05-03,00:29:03,0,VirtualCarolyn,1430627344637,How about an input of 16?,TUTOR
2015-05-03,00:29:05,0,root,1430627345896,199,
2015-05-03,00:29:08,0,VirtualCarolyn,1430627350646,Good job,TUTOR
2015-05-03,00:29:08,0,VirtualCarolyn,1430627350648,"Great! You can hit “Submit” at any time to see what your program does given these three inputs (0, 9, 16).",TUTOR
2015-05-03,00:29:08,0,VirtualCarolyn,1430627350650,"Okay, let’s get started. I’m here to listen how you think through the problem, and help you as much as you want. To begin with, talk through your plan with me, and then as you proceed through the implementation, continue to go through your thought process with me.",TUTOR
DATE,TIME,TYPING_DURATION,AUTHOR,NOTE,TEXT,ANNOTATIONS
2015-05-03,00:31:17,0,VirtualCarolyn,1430627478414,Welcome! I'm VirtualCarolyn. I'm here to have an interactive dialogue with you to assist you in your programming task.,INTRO_SHORT
2015-05-03,00:31:23,0,VirtualCarolyn,1430627484431,"WARNING: I am a WORK IN PROGRESS. Please be aware that for now, you MUST write your entire response in a SINGLE MESSAGE. Otherwise I will NOT UNDERSTAND YOU. Sorry...hopefully I'll be able to understand multiple messages soon.",WARNING
2015-05-03,00:31:37,0,VirtualCarolyn,1430627498438,"You have 50 minutes to work on the problem. Do as much as possible, but don’t worry about it if you are unable to finish.You can find a description of the problem at the top of your programming buffer. Please take a minute to read and understand it. Let me know when you’re done.",TUTOR
2015-05-03,00:31:41,0,root,1430627502060,i am done,AFFIRMATIVE+DONE
2015-05-03,00:31:42,0,VirtualCarolyn,1430627502444,Let’s make sure you understand the problem by going through our three test cases.,TUTOR
2015-05-03,00:31:42,0,VirtualCarolyn,1430627504451,"You saw in the instructions that if you input 0, it should print 2.",TUTOR
2015-05-03,00:31:42,0,VirtualCarolyn,1430627504453,What happens if you input 9?,TUTOR
2015-05-03,00:31:46,0,root,1430627506891,71,
2015-05-03,00:31:47,0,VirtualCarolyn,1430627508456,Perfect,TUTOR
2015-05-03,00:31:47,0,VirtualCarolyn,1430627508459,How about an input of 16?,TUTOR
2015-05-03,00:31:49,0,root,1430627509169,199,
2015-05-03,00:31:52,0,VirtualCarolyn,1430627512463,Wonderful,TUTOR
2015-05-03,00:31:52,0,VirtualCarolyn,1430627512465,"Great! You can hit “Submit” at any time to see what your program does given these three inputs (0, 9, 16).",TUTOR
2015-05-03,00:31:52,0,VirtualCarolyn,1430627512467,"Okay, let’s get started. I’m here to listen how you think through the problem, and help you as much as you want. To begin with, talk through your plan with me, and then as you proceed through the implementation, continue to go through your thought process with me.",TUTOR
DATE,TIME,TYPING_DURATION,AUTHOR,NOTE,TEXT,ANNOTATIONS
2015-05-03,00:36:03,0,VirtualCarolyn,1430627765129,Welcome! I'm VirtualCarolyn. I'm here to have an interactive dialogue with you to assist you in your programming task.,INTRO_SHORT
2015-05-03,00:36:09,0,VirtualCarolyn,1430627771148,"WARNING: I am a WORK IN PROGRESS. Please be aware that for now, you MUST write your entire response in a SINGLE MESSAGE. Otherwise I will NOT UNDERSTAND YOU. Sorry...hopefully I'll be able to understand multiple messages soon.",WARNING
DATE,TIME,TYPING_DURATION,AUTHOR,NOTE,TEXT,ANNOTATIONS
2015-05-03,00:40:05,0,VirtualCarolyn,1430628006850,Welcome! I'm VirtualCarolyn. I'm here to have an interactive dialogue with you to assist you in your programming task.,INTRO_SHORT
2015-05-03,00:40:11,0,VirtualCarolyn,1430628012868,"WARNING: I am a WORK IN PROGRESS. Please be aware that for now, you MUST write your entire response in a SINGLE MESSAGE. Otherwise I will NOT UNDERSTAND YOU. Sorry...hopefully I'll be able to understand multiple messages soon.",WARNING
2015-05-03,00:40:24,0,VirtualCarolyn,1430628026905,"You have 50 minutes to work on the problem. Do as much as possible, but don’t worry about it if you are unable to finish.You can find a description of the problem at the top of your programming buffer. Please take a minute to read and understand it. Let me know when you’re done.",TUTOR
DATE,TIME,TYPING_DURATION,AUTHOR,NOTE,TEXT,ANNOTATIONS
2015-05-03,00:42:17,0,VirtualCarolyn,1430628138781,Welcome! I'm VirtualCarolyn. I'm here to have an interactive dialogue with you to assist you in your programming task.,INTRO_SHORT
2015-05-03,00:42:23,0,VirtualCarolyn,1430628144797,"WARNING: I am a WORK IN PROGRESS. Please be aware that for now, you MUST write your entire response in a SINGLE MESSAGE. Otherwise I will NOT UNDERSTAND YOU. Sorry...hopefully I'll be able to understand multiple messages soon.",WARNING
2015-05-03,00:42:36,0,VirtualCarolyn,1430628158815,"You have 50 minutes to work on the problem. Do as much as possible, but don’t worry about it if you are unable to finish.You can find a description of the problem at the top of your programming buffer. Please take a minute to read and understand it. Let me know when you’re done.",TUTOR
DATE,TIME,TYPING_DURATION,AUTHOR,NOTE,TEXT,ANNOTATIONS
2015-05-03,00:43:31,0,VirtualCarolyn,1430628213149,Welcome! I'm VirtualCarolyn. I'm here to have an interactive dialogue with you to assist you in your programming task.,INTRO_SHORT
2015-05-03,00:43:37,0,VirtualCarolyn,1430628219165,"WARNING: I am a WORK IN PROGRESS. Please be aware that for now, you MUST write your entire response in a SINGLE MESSAGE. Otherwise I will NOT UNDERSTAND YOU. Sorry...hopefully I'll be able to understand multiple messages soon.",WARNING
2015-05-03,00:43:51,0,VirtualCarolyn,1430628231177,"You have 50 minutes to work on the problem. Do as much as possible, but don’t worry about it if you are unable to finish.You can find a description of the problem at the top of your programming buffer. Please take a minute to read and understand it. Let me know when you’re done.",TUTOR
DATE,TIME,TYPING_DURATION,AUTHOR,NOTE,TEXT,ANNOTATIONS
2015-05-03,00:44:31,0,VirtualCarolyn,1430628272654,Welcome! I'm VirtualCarolyn. I'm here to have an interactive dialogue with you to assist you in your programming task.,INTRO_SHORT
2015-05-03,00:44:37,0,VirtualCarolyn,1430628278671,"WARNING: I am a WORK IN PROGRESS. Please be aware that for now, you MUST write your entire response in a SINGLE MESSAGE. Otherwise I will NOT UNDERSTAND YOU. Sorry...hopefully I'll be able to understand multiple messages soon.",WARNING
DATE,TIME,TYPING_DURATION,AUTHOR,NOTE,TEXT,ANNOTATIONS
2015-05-03,00:46:06,0,VirtualCarolyn,1430628367634,Welcome! I'm VirtualCarolyn. I'm here to have an interactive dialogue with you to assist you in your programming task.,INTRO_SHORT
2015-05-03,00:46:11,0,VirtualCarolyn,1430628373650,"WARNING: I am a WORK IN PROGRESS. Please be aware that for now, you MUST write your entire response in a SINGLE MESSAGE. Otherwise I will NOT UNDERSTAND YOU. Sorry...hopefully I'll be able to understand multiple messages soon.",WARNING
2015-05-03,00:46:23,0,root,1430628383499,please help,CONFUSION+HELP_REQUEST+HELP
2015-05-03,00:46:23,0,VirtualCarolyn,1430628383674,Do you want to talk more about the structure of your main method?,TUTOR
2015-05-03,00:46:25,0,VirtualCarolyn,1430628385677,"You have 50 minutes to work on the problem. Do as much as possible, but don’t worry about it if you are unable to finish.You can find a description of the problem at the top of your programming buffer. Please take a minute to read and understand it. Let me know when you’re done.",TUTOR
2015-05-03,00:48:23,0,VirtualCarolyn,1430628503761,That's not quite what I'm looking for...try rephrasing?,TUTOR
2015-05-03,00:48:25,0,VirtualCarolyn,1430628505777,That's not quite what I'm looking for...try rephrasing?,TUTOR
2015-05-03,00:51:23,0,VirtualCarolyn,1430628683869,"Okay, let me know if you change your mind later.",TUTOR
2015-05-03,00:51:25,0,VirtualCarolyn,1430628685871,Are you ready to get started?,TUTOR
DATE,TIME,TYPING_DURATION,AUTHOR,NOTE,TEXT,ANNOTATIONS
2015-05-03,01:01:28,0,VirtualCarolyn,1430629289796,Welcome! I'm VirtualCarolyn. I'm here to have an interactive dialogue with you to assist you in your programming task.,INTRO_SHORT
2015-05-03,01:01:34,0,VirtualCarolyn,1430629295811,"WARNING: I am a WORK IN PROGRESS. Please be aware that for now, you MUST write your entire response in a SINGLE MESSAGE. Otherwise I will NOT UNDERSTAND YOU. Sorry...hopefully I'll be able to understand multiple messages soon.",WARNING
2015-05-03,01:01:47,0,VirtualCarolyn,1430629307816,"You have 50 minutes to work on the problem. Do as much as possible, but don’t worry about it if you are unable to finish.You can find a description of the problem at the top of your programming buffer. Please take a minute to read and understand it. Let me know when you’re done.",TUTOR
2015-05-03,01:03:06,0,root,1430629387040,please help,CONFUSION+HELP_REQUEST+HELP
2015-05-03,01:03:07,0,VirtualCarolyn,1430629387865,Do you want to talk more about the structure of your main method?,TUTOR
2015-05-03,01:03:47,0,VirtualCarolyn,1430629427880,That's not quite what I'm looking for...try rephrasing?,TUTOR
2015-05-03,01:05:07,0,VirtualCarolyn,1430629507910,That's not quite what I'm looking for...try rephrasing?,TUTOR
2015-05-03,01:06:47,0,VirtualCarolyn,1430629607957,Are you ready to get started?,TUTOR
2015-05-03,01:08:07,0,VirtualCarolyn,1430629687994,"Okay, let me know if you change your mind later.",TUTOR
DATE,TIME,TYPING_DURATION,AUTHOR,NOTE,TEXT,ANNOTATIONS
2015-05-03,01:18:01,0,VirtualCarolyn,1430630283151,Welcome! I'm VirtualCarolyn. I'm here to have an interactive dialogue with you to assist you in your programming task.,INTRO_SHORT
2015-05-03,01:18:07,0,VirtualCarolyn,1430630289193,"WARNING: I am a WORK IN PROGRESS. Please be aware that for now, you MUST write your entire response in a SINGLE MESSAGE. Otherwise I will NOT UNDERSTAND YOU. Sorry...hopefully I'll be able to understand multiple messages soon.",WARNING
2015-05-03,01:18:20,0,VirtualCarolyn,1430630301201,"You have 50 minutes to work on the problem. Do as much as possible, but don’t worry about it if you are unable to finish.You can find a description of the problem at the top of your programming buffer. Please take a minute to read and understand it. Let me know when you’re done.",TUTOR
2015-05-03,01:18:21,0,root,1430630302253,I am done,AFFIRMATIVE+DONE
2015-05-03,01:18:22,0,VirtualCarolyn,1430630303206,Let’s make sure you understand the problem by going through our three test cases.,TUTOR
2015-05-03,01:18:22,0,VirtualCarolyn,1430630305211,"You saw in the instructions that if you input 0, it should print 2.",TUTOR
2015-05-03,01:18:22,0,VirtualCarolyn,1430630305214,What happens if you input 9?,TUTOR
2015-05-03,01:18:27,0,root,1430630307536,71,
2015-05-03,01:18:32,0,VirtualCarolyn,1430630313219,Good work,TUTOR
2015-05-03,01:18:32,0,VirtualCarolyn,1430630313222,How about an input of 16?,TUTOR
2015-05-03,01:18:34,0,root,1430630314714,199,
2015-05-03,01:18:37,0,VirtualCarolyn,1430630319229,Spot on,TUTOR
2015-05-03,01:18:37,0,VirtualCarolyn,1430630319232,"Great! You can hit “Submit” at any time to see what your program does given these three inputs (0, 9, 16).",TUTOR
2015-05-03,01:18:37,0,VirtualCarolyn,1430630319239,"Okay, let’s get started. I’m here to listen how you think through the problem, and help you as much as you want. To begin with, talk through your plan with me, and then as you proceed through the implementation, continue to go through your thought process with me.",TUTOR
DATE,TIME,TYPING_DURATION,AUTHOR,NOTE,TEXT,ANNOTATIONS
2015-05-03,01:26:14,0,VirtualCarolyn,1430630774875,Welcome! I'm VirtualCarolyn. I'm here to have an interactive dialogue with you to assist you in your programming task.,INTRO_SHORT
2015-05-03,01:26:20,0,VirtualCarolyn,1430630780924,"WARNING: I am a WORK IN PROGRESS. Please be aware that for now, you MUST write your entire response in a SINGLE MESSAGE. Otherwise I will NOT UNDERSTAND YOU. Sorry...hopefully I'll be able to understand multiple messages soon.",WARNING
2015-05-03,01:26:33,0,VirtualCarolyn,1430630794936,"You have 50 minutes to work on the problem. Do as much as possible, but don’t worry about it if you are unable to finish.You can find a description of the problem at the top of your programming buffer. Please take a minute to read and understand it. Let me know when you’re done.",TUTOR
2015-05-03,01:28:33,0,VirtualCarolyn,1430630914988,That's not quite what I'm looking for...try rephrasing?,TUTOR
2015-05-03,01:31:33,0,VirtualCarolyn,1430631095063,Are you ready to get started?,TUTOR
DATE,TIME,TYPING_DURATION,AUTHOR,NOTE,TEXT,ANNOTATIONS
2015-05-03,01:32:23,0,VirtualCarolyn,1430631144500,Welcome! I'm VirtualCarolyn. I'm here to have an interactive dialogue with you to assist you in your programming task.,INTRO_SHORT
2015-05-03,01:32:29,0,VirtualCarolyn,1430631150552,"WARNING: I am a WORK IN PROGRESS. Please be aware that for now, you MUST write your entire response in a SINGLE MESSAGE. Otherwise I will NOT UNDERSTAND YOU. Sorry...hopefully I'll be able to understand multiple messages soon.",WARNING
2015-05-03,01:32:43,0,VirtualCarolyn,1430631164560,"You have 50 minutes to work on the problem. Do as much as possible, but don’t worry about it if you are unable to finish.You can find a description of the problem at the top of your programming buffer. Please take a minute to read and understand it. Let me know when you’re done.",TUTOR
2015-05-03,01:34:43,0,VirtualCarolyn,1430631284600,That's not quite what I'm looking for...try rephrasing?,TUTOR
DATE,TIME,TYPING_DURATION,AUTHOR,NOTE,TEXT,ANNOTATIONS
2015-05-03,01:36:46,0,VirtualCarolyn,1430631406764,Welcome! I'm VirtualCarolyn. I'm here to have an interactive dialogue with you to assist you in your programming task.,INTRO_SHORT
2015-05-03,01:36:52,0,VirtualCarolyn,1430631412785,"WARNING: I am a WORK IN PROGRESS. Please be aware that for now, you MUST write your entire response in a SINGLE MESSAGE. Otherwise I will NOT UNDERSTAND YOU. Sorry...hopefully I'll be able to understand multiple messages soon.",WARNING
2015-05-03,01:37:06,0,VirtualCarolyn,1430631426792,"You have 50 minutes to work on the problem. Do as much as possible, but don’t worry about it if you are unable to finish.You can find a description of the problem at the top of your programming buffer. Please take a minute to read and understand it. Let me know when you’re done.",TUTOR
2015-05-03,01:39:06,0,VirtualCarolyn,1430631547009,That's not quite what I'm looking for...try rephrasing?,TUTOR
2015-05-03,01:42:06,0,VirtualCarolyn,1430631727128,Are you ready to get started?,TUTOR
DATE,TIME,TYPING_DURATION,AUTHOR,NOTE,TEXT,ANNOTATIONS
2015-05-03,14:02:26,0,VirtualCarolyn,1430676148395,Welcome! I'm VirtualCarolyn. I'm here to have an interactive dialogue with you to assist you in your programming task.,INTRO_SHORT
2015-05-03,14:02:32,0,VirtualCarolyn,1430676154443,"WARNING: I am a WORK IN PROGRESS. Please be aware that for now, you MUST write your entire response in a SINGLE MESSAGE. Otherwise I will NOT UNDERSTAND YOU. Sorry...hopefully I'll be able to understand multiple messages soon.",WARNING
2015-05-03,14:02:46,0,VirtualCarolyn,1430676166458,"You have 50 minutes to work on the problem. Do as much as possible, but dont worry about it if you are unable to finish.You can find a description of the problem at the top of your programming buffer. Please take a minute to read and understand it. Let me know when youre done.",TUTOR
2015-05-03,14:04:46,0,VirtualCarolyn,1430676286575,That's not quite what I'm looking for...try rephrasing?,TUTOR
2015-05-03,14:07:46,0,VirtualCarolyn,1430676466794,Are you ready to get started?,TUTOR
DATE,TIME,TYPING_DURATION,AUTHOR,NOTE,TEXT,ANNOTATIONS
2015-05-04,15:58:12,0,VirtualCarolyn,1430769492883,...,END_MACRO
DATE,TIME,TYPING_DURATION,AUTHOR,NOTE,TEXT,ANNOTATIONS
2015-05-04,16:06:24,0,VirtualCarolyn,1430769986782,...,END_MACRO
DATE,TIME,TYPING_DURATION,AUTHOR,NOTE,TEXT,ANNOTATIONS
2015-05-04,16:11:52,0,VirtualCarolyn,1430770313174,...,END_MACRO
DATE,TIME,TYPING_DURATION,AUTHOR,NOTE,TEXT,ANNOTATIONS
2015-05-04,16:16:27,0,VirtualCarolyn,1430770588872,Welcome! I'm VirtualCarolyn. I'm here to have an interactive dialogue with you to assist you in your programming task.,INTRO_SHORT
2015-05-04,16:16:33,0,VirtualCarolyn,1430770594895,"WARNING: I am a WORK IN PROGRESS. Please be aware that for now, you MUST write your entire response in a SINGLE MESSAGE. Otherwise I will NOT UNDERSTAND YOU. Sorry...hopefully I'll be able to understand multiple messages soon.",WARNING
2015-05-04,16:16:46,0,VirtualCarolyn,1430770606910,"You have 50 minutes to work on the problem. Do as much as possible, but don’t worry about it if you are unable to finish.You can find a description of the problem at the top of your programming buffer. Please take a minute to read and understand it. Let me know when you’re done.",TUTOR
2015-05-04,16:18:46,0,VirtualCarolyn,1430770726950,That's not quite what I'm looking for...try rephrasing?,TUTOR
2015-05-04,16:21:46,0,VirtualCarolyn,1430770907020,Are you ready to get started?,TUTOR
DATE,TIME,TYPING_DURATION,AUTHOR,NOTE,TEXT,ANNOTATIONS
2015-05-04,23:31:13,0,VirtualCarolyn,1430796675505,Welcome! I'm VirtualCarolyn. I'm here to have an interactive dialogue with you to assist you in your programming task.,INTRO_SHORT
2015-05-04,23:31:21,0,VirtualCarolyn,1430796681785,I see you are working on your main method. Good! Let me know if you want to talk about it more.,STUCK
2015-05-04,23:31:19,0,VirtualCarolyn,1430796683801,"WARNING: I am a WORK IN PROGRESS. Please be aware that for now, you MUST write your entire response in a SINGLE MESSAGE. Otherwise I will NOT UNDERSTAND YOU. Sorry...hopefully I'll be able to understand multiple messages soon.",WARNING
2015-05-04,23:31:33,0,VirtualCarolyn,1430796693883,"You have 50 minutes to work on the problem. Do as much as possible, but don’t worry about it if you are unable to finish.You can find a description of the problem at the top of your programming buffer. Please take a minute to read and understand it. Let me know when you’re done.",TUTOR
2015-05-04,23:33:17,0,root,1430796799036,i am done,AFFIRMATIVE+DONE
2015-05-04,23:33:19,0,VirtualCarolyn,1430796800600,Let’s make sure you understand the problem by going through our three test cases.,TUTOR
2015-05-04,23:33:19,0,VirtualCarolyn,1430796802649,"You saw in the instructions that if you input 0, it should print 2.",TUTOR
2015-05-04,23:33:19,0,VirtualCarolyn,1430796802669,What happens if you input 9?,TUTOR
DATE,TIME,TYPING_DURATION,AUTHOR,NOTE,TEXT,ANNOTATIONS
2015-05-04,23:36:52,0,VirtualCarolyn,1430797013093,Welcome! I'm VirtualCarolyn. I'm here to have an interactive dialogue with you to assist you in your programming task.,INTRO_SHORT
2015-05-04,23:36:58,0,VirtualCarolyn,1430797019197,"WARNING: I am a WORK IN PROGRESS. Please be aware that for now, you MUST write your entire response in a SINGLE MESSAGE. Otherwise I will NOT UNDERSTAND YOU. Sorry...hopefully I'll be able to understand multiple messages soon.",WARNING
2015-05-04,23:37:10,0,VirtualCarolyn,1430797031264,I see you are working on your main method. Good! Let me know if you want to talk about it more.,STUCK
2015-05-04,23:37:12,0,VirtualCarolyn,1430797033277,"You have 50 minutes to work on the problem. Do as much as possible, but don’t worry about it if you are unable to finish.You can find a description of the problem at the top of your programming buffer. Please take a minute to read and understand it. Let me know when you’re done.",TUTOR
2015-05-04,23:37:22,0,VirtualCarolyn,1430797043364,I see you are working on a method to rotate a number. Good! Let me know if you want to talk about it more.,STUCK
2015-05-04,23:38:52,0,VirtualCarolyn,1430797133722,I see you are working on a method to find if a number is a prime or not. Good! Let me know if you want to talk about it more.,STUCK
